assists,champLevel,championName,deaths,detectorWardsPlaced,gameEndedInEarlySurrender,gameEndedInSurrender,goldEarned,inhibitorsLost,kills,magicDamageDealt,magicDamageDealtToChampions,neutralMinionsKilled,physicalDamageDealt,physicalDamageDealtToChampions,physicalDamageTaken,profileIcon,sightWardsBoughtInGame,teamId,teamPosition,totalDamageDealt,totalDamageDealtToChampions,totalMinionsKilled,trueDamageDealt,trueDamageDealtToChampions,turretsLost,visionScore,wardsKilled,wardsPlaced,win,match_id,tier
5,15,Aurora,2,0,False,False,8176,1,0,85419,27415,0,25750,7990,9219,11,0,100,TOP,112329,35405,198,1160,0,6,15,0,8,False,EUW1_7761245815,Grandmaster
3,13,Rengar,7,0,False,False,9054,1,3,18549,741,134,99566,12701,14872,6852,0,100,JUNGLE,205707,15342,32,87591,1899,6,35,10,5,False,EUW1_7761245815,Grandmaster
3,13,Akali,10,0,False,False,10624,1,6,103771,32937,0,13598,3943,13201,6759,0,100,MIDDLE,125953,38021,165,8584,1140,6,9,1,2,False,EUW1_7761245815,Grandmaster
2,13,Smolder,5,1,False,False,11879,1,5,14063,7634,0,113687,26390,12825,6760,0,100,BOTTOM,134778,37920,211,7028,3895,6,18,2,10,False,EUW1_7761245815,Grandmaster
9,12,Taric,5,1,False,False,6953,1,0,9725,4691,0,8222,2497,13490,22,0,100,UTILITY,22786,7189,46,4839,0,6,64,12,22,False,EUW1_7761245815,Grandmaster
13,16,Maokai,1,2,False,False,10480,0,4,105941,21086,0,23564,4589,24571,19,0,200,TOP,132393,25991,192,2888,315,2,19,1,9,True,EUW1_7761245815,Grandmaster
8,17,DrMundo,0,3,False,False,13623,0,8,69320,8905,249,111696,11232,22715,21,0,200,JUNGLE,339338,20522,21,158322,384,2,28,1,8,True,EUW1_7761245815,Grandmaster
10,15,Sylas,8,0,False,False,11118,0,8,114739,30709,2,6331,373,15947,7061,0,200,MIDDLE,137618,31181,171,16546,99,2,9,0,3,True,EUW1_7761245815,Grandmaster
6,14,Xayah,2,0,False,False,13379,0,9,581,282,0,148259,27360,10469,6932,0,200,BOTTOM,150185,27654,219,1344,11,2,14,3,5,True,EUW1_7761245815,Grandmaster
19,12,Rakan,3,12,False,False,7164,0,0,10579,6874,0,3595,1341,12988,6,0,200,UTILITY,18149,9251,19,3974,1035,2,85,5,49,True,EUW1_7761245815,Grandmaster
8,17,Swain,8,0,False,False,11428,0,4,117655,18669,0,11616,1990,20923,6205,0,100,TOP,132702,21634,193,3430,975,3,28,5,11,True,EUW1_7761229525,Grandmaster
9,17,Elise,3,6,False,False,13440,0,6,145473,12274,200,27362,861,17034,21,0,100,JUNGLE,291131,14638,24,118293,1502,3,39,4,6,True,EUW1_7761229525,Grandmaster
4,18,Irelia,4,2,False,False,17174,0,9,30785,6248,0,217362,21570,14105,7061,0,100,MIDDLE,257346,30367,327,9198,2548,3,31,4,11,True,EUW1_7761229525,Grandmaster
14,16,Kaisa,4,1,False,False,18510,0,11,35766,8901,12,218593,22284,12847,3494,0,100,BOTTOM,258319,31468,269,3959,283,3,42,7,12,True,EUW1_7761229525,Grandmaster
15,14,Nautilus,3,3,False,False,9887,0,5,17638,4734,0,9789,3634,13997,1587,0,100,UTILITY,30651,8444,19,3224,75,3,68,4,35,True,EUW1_7761229525,Grandmaster
2,17,Darius,5,2,False,False,12707,2,8,201,201,0,168512,14464,15339,3582,0,200,TOP,188760,18308,272,20046,3642,10,36,5,13,False,EUW1_7761229525,Grandmaster
4,16,Talon,9,1,False,False,13814,2,6,154,102,181,216144,20750,16404,28,0,200,JUNGLE,298252,26630,54,81954,5777,10,48,9,15,False,EUW1_7761229525,Grandmaster
3,17,Vladimir,3,0,False,False,15076,2,6,217516,27571,8,12926,1059,18521,6228,0,200,MIDDLE,233501,29103,300,3058,472,10,28,3,12,False,EUW1_7761229525,Grandmaster
5,14,Lucian,10,0,False,False,11886,2,1,21247,4401,14,150390,14547,16762,3155,0,200,BOTTOM,189215,19228,213,17577,278,10,25,5,11,False,EUW1_7761229525,Grandmaster
11,13,Janna,8,3,False,False,8300,2,1,11975,7511,0,3763,1914,10723,938,0,200,UTILITY,18625,11094,22,2887,1668,10,96,5,54,False,EUW1_7761229525,Grandmaster
7,18,DrMundo,3,2,False,False,14455,0,2,47024,11251,0,144199,10111,46778,5089,0,100,TOP,196490,21363,292,5266,0,2,30,6,12,True,EUW1_7761197145,Grandmaster
11,18,Jayce,2,5,False,False,18460,0,9,39989,7185,223,229767,36222,18100,938,0,100,JUNGLE,381712,50343,33,111955,6935,2,66,15,12,True,EUW1_7761197145,Grandmaster
8,18,Akali,3,4,False,False,17325,0,14,223131,41791,0,19715,2856,19628,7061,0,100,MIDDLE,263750,44758,297,20903,111,2,29,2,7,True,EUW1_7761197145,Grandmaster
5,15,Varus,7,1,False,False,12434,0,1,8485,3674,4,143142,17107,14788,29,0,100,BOTTOM,162551,20782,254,10922,0,2,20,4,11,True,EUW1_7761197145,Grandmaster
12,13,Neeko,2,5,False,False,9779,0,2,30534,12874,0,3892,1179,14257,7080,0,100,UTILITY,37632,14054,55,3205,0,2,129,17,43,True,EUW1_7761197145,Grandmaster
3,17,Viego,7,0,False,False,11260,1,1,4894,545,4,184487,21005,16355,29,0,200,TOP,195549,21551,256,6167,0,9,20,4,3,False,EUW1_7761197145,Grandmaster
7,15,JarvanIV,5,2,False,False,11817,1,3,15780,1432,199,139869,16132,23403,6680,0,200,JUNGLE,275896,18093,26,120245,529,9,46,12,6,False,EUW1_7761197145,Grandmaster
3,17,Anivia,7,1,False,False,10812,1,2,160419,22261,5,12005,1984,18125,1587,0,200,MIDDLE,173987,24246,245,1561,0,9,15,2,11,False,EUW1_7761197145,Grandmaster
3,16,Jhin,3,1,False,False,18055,1,9,13768,2177,8,239719,38262,13641,7077,0,200,BOTTOM,261511,40782,315,8023,342,9,19,4,11,False,EUW1_7761197145,Grandmaster
9,12,Karma,6,15,False,False,8201,1,2,15461,7620,0,3730,1118,15895,5990,0,200,UTILITY,22696,10274,26,3504,1534,9,122,12,60,False,EUW1_7761197145,Grandmaster
10,15,Yone,6,1,False,False,9460,2,2,15809,4365,0,110605,18397,18601,4568,0,100,TOP,130486,25072,190,4072,2309,10,22,1,10,False,EUW1_7761142609,Grandmaster
3,13,Rengar,9,0,False,False,11402,2,7,11271,727,112,121429,10541,19104,1151,0,100,JUNGLE,182884,12958,43,50182,1689,10,20,4,5,False,EUW1_7761142609,Grandmaster
7,13,Akali,9,0,False,False,11421,2,10,77748,29542,0,6009,1381,16647,29,0,100,MIDDLE,87673,33649,110,3915,2725,10,17,0,9,False,EUW1_7761142609,Grandmaster
6,12,Jinx,7,0,False,False,8611,2,2,893,486,0,68704,11172,14989,29,0,100,BOTTOM,71491,12073,154,1893,414,10,14,3,8,False,EUW1_7761142609,Grandmaster
13,11,Leona,9,4,False,False,7359,2,1,9259,6184,0,5591,3042,15798,4771,0,100,UTILITY,17602,9395,29,2752,168,10,59,9,27,False,EUW1_7761142609,Grandmaster
5,17,Zaahen,4,3,False,False,11390,0,8,3769,701,4,122019,24201,20850,7061,0,200,TOP,133369,24943,183,7579,39,2,33,3,12,True,EUW1_7761142609,Grandmaster
18,15,Aatrox,4,2,False,False,12646,0,9,9185,1718,148,150461,22013,23061,22,0,200,JUNGLE,247700,25601,21,88053,1869,2,19,0,6,True,EUW1_7761142609,Grandmaster
11,14,Ahri,4,1,False,False,12961,0,11,81852,16814,0,12356,2410,8988,7050,0,200,MIDDLE,130602,23730,193,36392,4505,2,20,1,10,True,EUW1_7761142609,Grandmaster
7,14,Aphelios,6,1,False,False,13243,0,9,3426,466,12,147437,18892,12970,29,0,200,BOTTOM,161987,19608,169,11123,249,2,22,4,9,True,EUW1_7761142609,Grandmaster
27,13,Lulu,4,5,False,False,9333,0,3,15482,7203,0,4671,2087,8098,7078,0,200,UTILITY,22565,9529,25,2411,239,2,74,11,30,True,EUW1_7761142609,Grandmaster
10,17,Jayce,4,0,False,True,11588,0,5,19959,5113,4,127381,21384,19702,3464,0,100,TOP,162953,26690,219,15612,192,2,33,2,10,True,EUW1_7761095979,Grandmaster
16,17,Nunu,1,0,False,True,14202,0,10,64600,21466,181,21613,1277,21974,5010,0,100,JUNGLE,256298,23880,21,170083,1137,2,15,1,0,True,EUW1_7761095979,Grandmaster
3,15,Irelia,2,2,False,True,15632,0,19,16631,5087,12,161885,25716,15399,6864,0,100,MIDDLE,183713,31768,193,5195,963,2,31,5,9,True,EUW1_7761095979,Grandmaster
10,13,Syndra,8,2,False,True,11043,0,2,87054,13652,0,13458,1966,11558,6298,0,100,BOTTOM,108885,16904,186,8372,1284,2,19,5,8,True,EUW1_7761095979,Grandmaster
20,13,Alistar,4,5,False,True,8153,0,2,10860,7768,0,3045,1304,17734,16,0,100,UTILITY,16514,10447,17,2609,1375,2,78,6,31,True,EUW1_7761095979,Grandmaster
0,14,Ambessa,7,0,False,True,8551,0,3,56,56,0,98084,15998,15652,6666,0,200,TOP,103552,16924,165,5411,869,7,23,2,8,False,EUW1_7761095979,Grandmaster
7,14,Zaahen,10,1,False,True,11435,0,5,5731,541,151,129895,17191,23511,7061,0,200,JUNGLE,223918,19007,32,88291,1274,7,24,1,10,False,EUW1_7761095979,Grandmaster
5,13,AurelionSol,11,0,False,True,8914,0,2,77631,20678,0,2951,152,16121,4834,0,200,MIDDLE,85026,20873,165,4442,42,7,17,3,7,False,EUW1_7761095979,Grandmaster
4,14,Kaisa,5,0,False,True,12611,0,8,22096,8551,0,119776,16489,6076,3494,0,200,BOTTOM,144061,25040,208,2188,0,7,9,1,7,False,EUW1_7761095979,Grandmaster
11,11,Leona,6,9,False,True,7421,0,1,8877,6878,0,4426,3790,10679,29,0,200,UTILITY,15598,11693,11,2294,1025,7,85,5,47,False,EUW1_7761095979,Grandmaster
2,13,Riven,7,0,False,True,7599,0,1,0,0,0,82319,7208,5952,5176,0,100,TOP,84864,7523,148,2544,315,3,17,2,8,True,EUW1_7761064651,Grandmaster
6,15,Kayn,1,0,False,True,12609,0,11,509,509,148,177611,30385,17120,22,0,100,JUNGLE,237559,31701,43,59438,806,3,11,1,2,True,EUW1_7761064651,Grandmaster
4,12,Sylas,5,1,False,True,8774,0,5,91414,16916,2,7166,1433,16251,7061,0,100,MIDDLE,100140,18494,153,1559,145,3,11,0,6,True,EUW1_7761064651,Grandmaster
7,12,AurelionSol,2,0,False,True,9537,0,6,64500,12377,0,3596,260,7050,4834,0,100,BOTTOM,72556,12637,160,4459,0,3,14,2,7,True,EUW1_7761064651,Grandmaster
12,10,Morgana,3,6,False,True,5917,0,1,16871,5405,1,1609,746,8023,7033,0,100,UTILITY,19396,6433,24,915,281,3,53,6,25,True,EUW1_7761064651,Grandmaster
3,14,Leblanc,3,2,False,True,9235,0,6,70242,15568,0,13521,1389,8474,7050,0,200,TOP,89316,17495,158,5551,537,4,23,1,7,False,EUW1_7761064651,Grandmaster
4,11,Ornn,5,0,False,True,7106,0,2,41374,3892,117,32311,2762,15093,5449,0,200,JUNGLE,137280,8080,4,63594,1425,4,15,2,3,False,EUW1_7761064651,Grandmaster
3,13,Sion,6,0,False,True,8202,0,2,35777,7266,0,72457,11596,20463,6017,0,200,MIDDLE,121397,18943,174,13161,80,4,12,0,7,False,EUW1_7761064651,Grandmaster
2,11,Ezreal,6,0,False,True,8409,0,3,11450,3952,0,67225,11101,9461,6315,0,200,BOTTOM,80969,15054,150,2292,0,4,8,2,5,False,EUW1_7761064651,Grandmaster
3,8,Pyke,4,3,False,True,6204,0,5,0,0,0,7279,6028,2298,23,0,200,UTILITY,10660,6847,17,3381,819,4,48,8,18,False,EUW1_7761064651,Grandmaster
12,16,Ornn,6,3,False,False,12301,2,4,68879,14673,0,51798,6366,23098,938,0,100,TOP,124357,21118,180,3680,79,10,23,1,14,False,EUW1_7761002636,Grandmaster
5,16,Darius,5,1,False,False,15109,2,8,231,231,182,215285,16516,20177,22,0,100,JUNGLE,308192,20196,55,92675,3448,10,29,8,1,False,EUW1_7761002636,Grandmaster
6,16,Leblanc,6,2,False,False,14054,2,8,137379,31235,0,14739,1338,15047,7050,0,100,MIDDLE,160030,33544,227,7912,970,10,27,7,7,False,EUW1_7761002636,Grandmaster
8,15,AurelionSol,9,0,False,False,15210,2,10,133463,38142,0,6010,496,24446,4834,0,100,BOTTOM,149432,39083,208,9957,445,10,19,2,9,False,EUW1_7761002636,Grandmaster
17,14,Rakan,6,13,False,False,9454,2,2,12502,6753,0,4602,1425,18563,510,0,100,UTILITY,19371,8178,23,2266,0,10,110,8,57,False,EUW1_7761002636,Grandmaster
7,18,Kindred,9,0,False,False,14064,2,5,20690,5607,12,141009,18101,12543,1155,0,200,TOP,168290,27106,215,6591,3397,10,21,0,10,True,EUW1_7761002636,Grandmaster
8,18,Khazix,4,5,False,False,19270,2,14,3505,2909,225,279262,32021,14847,29,0,200,JUNGLE,389023,35762,61,106255,831,10,53,10,16,True,EUW1_7761002636,Grandmaster
11,18,Sylas,4,2,False,False,15747,2,9,211856,33637,0,7524,71,22149,7061,0,200,MIDDLE,229901,34940,291,10521,1231,10,23,5,7,True,EUW1_7761002636,Grandmaster
8,15,Aphelios,10,0,False,False,14981,2,3,9614,1617,16,199007,20475,9003,3889,0,200,BOTTOM,213883,22598,245,5261,505,10,28,4,12,True,EUW1_7761002636,Grandmaster
26,15,Lulu,5,13,False,False,10953,2,1,33369,9235,0,6293,906,3571,3522,0,200,UTILITY,45203,13075,34,5540,2933,10,103,15,46,True,EUW1_7761002636,Grandmaster
4,15,Sion,3,1,False,False,9412,1,1,55881,8387,0,78584,11236,20782,7084,0,100,TOP,136507,19714,210,2041,89,9,31,3,10,False,EUW1_7760934410,Grandmaster
3,16,Rengar,7,0,False,False,14337,1,10,17532,998,190,188397,21016,15213,1590,0,100,JUNGLE,289867,25716,34,83937,3701,9,19,5,3,False,EUW1_7760934410,Grandmaster
10,15,Orianna,4,5,False,False,11185,1,3,144139,29095,1,18319,2450,5271,7061,0,100,MIDDLE,167404,33225,244,4944,1679,9,35,3,14,False,EUW1_7760934410,Grandmaster
2,13,Yunara,8,0,False,False,12578,1,5,35178,6174,8,103380,12053,6232,29,0,100,BOTTOM,142463,18607,223,3904,380,9,21,5,7,False,EUW1_7760934410,Grandmaster
10,12,Lulu,7,4,False,False,7774,1,1,17121,5610,0,2938,1241,5827,4629,0,100,UTILITY,21355,6852,24,1295,0,9,99,8,41,False,EUW1_7760934410,Grandmaster
9,17,Renekton,3,2,False,False,12090,0,4,9249,5859,0,172263,26146,32631,4568,0,200,TOP,195995,32006,249,14482,0,5,22,1,11,True,EUW1_7760934410,Grandmaster
7,15,Zac,3,0,False,False,10937,0,4,107907,10920,152,19777,1026,14074,4026,0,200,JUNGLE,225929,12280,19,98243,333,5,10,2,2,True,EUW1_7760934410,Grandmaster
7,16,Ryze,5,1,False,False,12492,0,4,165147,14116,12,8599,874,12473,23,0,200,MIDDLE,177091,15035,218,3345,45,5,18,4,9,True,EUW1_7760934410,Grandmaster
4,15,Mel,4,5,False,False,18342,0,15,159277,22107,4,15632,2300,9317,7033,0,200,BOTTOM,180925,25032,254,6014,624,5,38,3,16,True,EUW1_7760934410,Grandmaster
18,13,Janna,5,6,False,False,9183,0,2,14514,7001,0,4671,1444,8696,29,0,200,UTILITY,21907,8494,27,2721,49,5,91,10,37,True,EUW1_7760934410,Grandmaster
5,20,Rumble,6,6,False,False,17125,1,8,199303,47119,8,20749,1253,20120,508,0,100,TOP,253413,51508,306,33360,3135,7,52,11,14,False,EUW1_7760830431,Grandmaster
7,18,RekSai,5,5,False,False,16151,1,3,25192,4232,281,199548,13437,38629,16,0,100,JUNGLE,406584,23055,20,181844,5386,7,67,15,7,False,EUW1_7760830431,Grandmaster
5,18,Yasuo,6,3,False,False,18832,1,5,28583,2534,26,375206,19674,19162,7061,0,100,MIDDLE,414566,22434,387,10777,225,7,45,9,18,False,EUW1_7760830431,Grandmaster
6,18,Vladimir,4,0,False,False,18172,1,3,305742,31821,0,17361,743,29540,7084,0,100,BOTTOM,331340,33314,371,8236,749,7,32,6,16,False,EUW1_7760830431,Grandmaster
7,15,Sona,11,8,False,False,10672,1,1,18143,5968,0,4639,1195,20262,871,0,100,UTILITY,26172,7393,46,3390,230,7,128,21,42,False,EUW1_7760830431,Grandmaster
11,19,Shen,6,8,False,False,12847,1,2,74210,7175,0,49676,5917,14536,5734,0,200,TOP,162610,15074,221,38723,1980,7,50,5,25,True,EUW1_7760830431,Grandmaster
8,18,Qiyana,4,0,False,False,21381,1,14,33054,3859,260,361524,38114,18134,7,0,200,JUNGLE,501358,45749,79,106779,3774,7,35,10,2,True,EUW1_7760830431,Grandmaster
13,18,Anivia,6,1,False,False,15943,1,3,236492,34676,4,13877,2567,19108,23,0,200,MIDDLE,257117,41528,305,6747,4284,7,32,4,16,True,EUW1_7760830431,Grandmaster
7,18,Smolder,4,3,False,False,21933,1,11,51882,11829,18,330832,36629,9493,5871,0,200,BOTTOM,416432,60002,384,33717,11542,7,30,5,15,True,EUW1_7760830431,Grandmaster
27,17,Janna,0,21,False,False,13396,1,2,24290,8077,0,5890,1308,6504,5424,0,200,UTILITY,36444,10724,44,6263,1337,7,171,16,84,True,EUW1_7760830431,Grandmaster
13,19,Fiora,14,0,False,False,14167,2,5,1972,1200,0,188036,18057,38296,13,0,100,TOP,205091,30473,206,15082,11216,6,40,3,14,True,EUW1_7760741956,Grandmaster
19,18,Shaco,9,2,False,False,20763,2,11,67492,10611,206,181602,33230,28483,3891,0,100,JUNGLE,337854,50846,69,88760,7004,6,45,16,4,True,EUW1_7760741956,Grandmaster
8,18,Veigar,8,0,False,False,19128,2,12,403540,46464,24,11568,1467,15767,908,0,100,MIDDLE,426853,48809,351,11743,877,6,21,4,10,True,EUW1_7760741956,Grandmaster
13,18,Zeri,7,0,False,False,22796,2,11,33671,10444,11,290952,40670,21490,983,0,100,BOTTOM,337484,51407,371,12859,292,6,29,7,12,True,EUW1_7760741956,Grandmaster
24,17,Karma,8,9,False,False,13907,2,5,49200,12532,4,5812,1225,17298,7033,0,100,UTILITY,61386,16034,61,6373,2275,6,124,15,56,True,EUW1_7760741956,Grandmaster
7,20,Renekton,7,2,False,False,19111,3,11,27152,7676,5,306764,31048,38008,26,0,200,TOP,356148,40504,359,22230,1780,10,33,3,11,False,EUW1_7760741956,Grandmaster
10,18,Fizz,10,3,False,False,17062,3,10,171841,23950,195,48634,5918,31517,16,0,200,JUNGLE,350060,33340,45,129586,3471,10,48,7,5,False,EUW1_7760741956,Grandmaster
8,18,Sylas,7,1,False,False,15844,3,8,243959,30542,0,7282,388,25632,7061,0,200,MIDDLE,260049,32854,298,8807,1923,10,30,8,6,False,EUW1_7760741956,Grandmaster
6,17,Sivir,11,0,False,False,24552,3,16,9060,2184,28,345834,58964,29588,897,0,200,BOTTOM,366140,61322,304,11245,174,10,31,8,13,False,EUW1_7760741956,Grandmaster
21,16,Yuumi,9,12,False,False,10992,3,1,19280,10768,0,2354,1385,12141,29,0,200,UTILITY,24850,13385,16,3216,1232,10,87,3,49,False,EUW1_7760741956,Grandmaster
1,15,Yasuo,7,0,False,True,9869,3,5,12877,1080,8,118051,13484,16926,3366,0,100,TOP,131701,14611,206,772,46,11,17,0,8,False,EUW1_7761453813,Grandmaster
3,12,Chogath,12,0,False,True,7830,3,2,64207,4127,85,14523,1343,15213,578,0,100,JUNGLE,126294,6632,37,47563,1161,11,10,2,0,False,EUW1_7761453813,Grandmaster
1,13,DrMundo,7,0,False,True,9482,3,3,26295,10194,0,80989,6657,27414,3172,0,100,MIDDLE,109186,16894,178,1901,42,11,15,1,7,False,EUW1_7761453813,Grandmaster
3,14,Ezreal,8,0,False,True,11469,3,2,17835,5930,4,123224,13121,8821,3157,0,100,BOTTOM,145534,19052,227,4474,0,11,10,1,4,False,EUW1_7761453813,Grandmaster
6,11,Bard,8,2,False,True,7557,3,2,17867,7132,0,5095,2770,7980,588,0,100,UTILITY,24186,10823,24,1224,920,11,72,10,28,False,EUW1_7761453813,Grandmaster
6,16,Riven,6,0,False,True,11817,0,6,0,0,4,138917,21614,16614,6872,0,200,TOP,147821,23063,185,8903,1448,1,18,0,8,True,EUW1_7761453813,Grandmaster
8,16,Vi,2,4,False,True,13758,0,14,0,0,167,153320,26069,18639,1442,0,200,JUNGLE,256543,26633,16,103221,564,1,21,2,6,True,EUW1_7761453813,Grandmaster
4,17,Ahri,2,0,False,True,13125,0,12,126554,26580,8,13751,3229,12371,7037,0,200,MIDDLE,197614,36719,242,57308,6909,1,15,3,1,True,EUW1_7761453813,Grandmaster
7,16,Kennen,1,0,False,True,14452,0,9,175820,30951,0,18685,3116,9924,1107,0,200,BOTTOM,201927,34067,238,7421,0,1,12,2,4,True,EUW1_7761453813,Grandmaster
25,12,Rakan,3,6,False,True,9062,0,1,10259,5462,0,6632,3095,9993,3838,0,200,UTILITY,19998,8557,19,3105,0,1,96,8,33,True,EUW1_7761453813,Grandmaster
6,18,Ambessa,11,5,False,True,13042,1,5,640,640,0,201167,21120,21019,7014,0,100,TOP,226784,21870,255,24976,109,10,40,2,12,False,EUW1_7761413086,Grandmaster
9,18,Graves,6,3,False,True,18259,1,8,4471,999,261,359571,31264,20287,6906,0,100,JUNGLE,501803,36946,87,137762,4682,10,47,12,9,False,EUW1_7761413086,Grandmaster
7,18,Ahri,8,0,False,True,15658,1,13,118063,26102,4,14551,1081,13933,2075,0,100,MIDDLE,189487,33307,260,56872,6123,10,24,6,4,False,EUW1_7761413086,Grandmaster
13,18,Ezreal,3,0,False,True,20557,1,5,43803,12998,29,275383,17168,10899,3494,0,100,BOTTOM,325829,30817,315,6642,649,10,23,3,11,False,EUW1_7761413086,Grandmaster
21,15,Rell,3,18,False,True,10375,1,2,11225,6939,0,4375,1245,17962,1670,0,100,UTILITY,19946,8528,36,4345,343,10,149,12,67,False,EUW1_7761413086,Grandmaster
3,20,Darius,3,1,False,True,21124,0,17,0,0,8,245400,29996,22658,2076,0,200,TOP,268267,48324,309,22866,18328,7,27,2,8,True,EUW1_7761413086,Grandmaster
18,18,JarvanIV,4,3,False,True,17703,0,6,18019,1513,236,199100,21326,25573,4353,0,200,JUNGLE,382448,24157,43,165329,1317,7,50,11,9,True,EUW1_7761413086,Grandmaster
11,18,Kennen,11,1,False,True,14366,0,3,181944,22283,0,20382,1729,16599,1107,0,200,MIDDLE,208402,25950,282,6074,1937,7,30,4,4,True,EUW1_7761413086,Grandmaster
7,17,Kaisa,7,3,False,True,17226,0,3,47673,6876,8,160119,7665,12151,3494,0,200,BOTTOM,210565,15477,270,2771,936,7,28,2,15,True,EUW1_7761413086,Grandmaster
7,14,Pyke,8,4,False,True,10384,0,2,0,0,0,16671,4690,13965,5465,0,200,UTILITY,24982,7246,46,8310,2556,7,117,14,41,True,EUW1_7761413086,Grandmaster
2,15,Varus,3,1,False,False,9922,1,4,51789,12335,0,69124,6133,11742,977,0,100,TOP,132389,18504,213,11475,34,7,21,0,10,False,EUW1_7761396183,Grandmaster
5,14,Nocturne,6,0,False,False,12314,1,11,2052,1285,149,142332,18531,23649,598,0,100,JUNGLE,217819,22625,26,73433,2808,7,13,0,6,False,EUW1_7761396183,Grandmaster
9,13,Orianna,8,3,False,False,8212,1,1,81511,17311,0,9518,805,10484,2075,0,100,MIDDLE,92411,18544,163,1381,427,7,36,5,13,False,EUW1_7761396183,Grandmaster
5,13,Corki,8,1,False,False,9472,1,1,43646,5871,0,77235,13678,11287,3587,0,100,BOTTOM,132477,22237,199,11595,2687,7,21,3,8,False,EUW1_7761396183,Grandmaster
8,11,Karma,7,4,False,False,7437,1,3,17854,8600,0,3840,1572,9762,5602,0,100,UTILITY,26941,10521,38,5246,348,7,79,10,34,False,EUW1_7761396183,Grandmaster
8,16,Yorick,5,0,False,False,9348,0,2,17290,4138,0,87520,7559,10391,3152,0,200,TOP,107742,11698,177,2931,0,2,18,0,8,True,EUW1_7761396183,Grandmaster
9,15,Zaahen,3,1,False,False,12620,0,9,6500,832,168,142296,22810,19000,5318,0,200,JUNGLE,235952,24253,19,87154,610,2,29,9,3,True,EUW1_7761396183,Grandmaster
10,14,Kennen,8,0,False,False,11011,0,7,110738,22636,0,13977,3202,14697,1107,0,200,MIDDLE,129418,27203,195,4702,1365,2,15,3,5,True,EUW1_7761396183,Grandmaster
8,14,Ezreal,2,1,False,False,13886,0,9,25973,7247,8,160311,14659,8956,2099,0,200,BOTTOM,189512,22072,214,3227,164,2,22,3,8,True,EUW1_7761396183,Grandmaster
22,13,Nautilus,2,7,False,False,9430,0,5,12342,8478,0,9164,4044,12486,3463,0,200,UTILITY,24077,12554,24,2570,32,2,67,8,28,True,EUW1_7761396183,Grandmaster
0,1,Vayne,0,0,True,False,535,0,0,0,0,0,464,464,216,977,0,100,TOP,464,464,0,0,0,0,0,0,1,False,EUW1_7761383883,Grandmaster
0,1,Zaahen,0,0,True,False,535,0,0,0,0,0,1137,0,381,598,0,100,JUNGLE,2216,0,0,1079,0,0,0,0,0,False,EUW1_7761383883,Grandmaster
0,1,Vladimir,1,0,True,False,609,0,0,358,75,0,480,0,884,4353,0,100,MIDDLE,838,75,4,0,0,0,0,0,0,False,EUW1_7761383883,Grandmaster
0,1,Sivir,1,0,True,False,555,0,0,0,0,0,71,0,522,7,0,100,BOTTOM,71,0,1,0,0,0,0,0,1,False,EUW1_7761383883,Grandmaster
0,1,Alistar,0,0,True,False,540,0,0,0,0,0,0,0,0,5950,0,100,UTILITY,0,0,0,0,0,0,0,0,0,False,EUW1_7761383883,Grandmaster
0,1,Darius,0,0,True,False,595,0,0,0,0,0,457,99,464,2076,0,200,TOP,457,99,3,0,0,0,0,0,0,True,EUW1_7761383883,Grandmaster
0,2,Elise,0,0,True,False,625,0,0,528,0,4,766,0,330,4353,0,200,JUNGLE,2301,0,0,1006,0,0,0,0,0,True,EUW1_7761383883,Grandmaster
0,1,Aurora,0,0,True,False,909,0,1,288,191,0,650,128,45,1107,0,200,MIDDLE,1048,429,4,110,110,0,0,0,0,True,EUW1_7761383883,Grandmaster
1,1,Ezreal,0,0,True,False,694,0,0,0,0,0,707,362,0,6246,0,200,BOTTOM,707,362,2,0,0,0,0,0,0,True,EUW1_7761383883,Grandmaster
0,1,Bard,0,0,True,False,960,0,1,150,150,0,160,160,42,588,0,200,UTILITY,390,390,0,80,80,0,0,0,1,True,EUW1_7761383883,Grandmaster
4,16,Ambessa,6,0,False,True,9453,0,3,0,0,0,105347,14146,17833,3366,0,100,TOP,107457,16253,174,2110,2106,3,31,1,12,True,EUW1_7761362393,Grandmaster
14,16,Maokai,2,2,False,True,12529,0,3,129755,11524,183,24002,962,20698,5936,0,100,JUNGLE,262464,15220,21,108704,2733,3,42,7,7,True,EUW1_7761362393,Grandmaster
6,17,Corki,6,0,False,True,17328,0,14,63727,6010,0,128807,24463,17698,507,0,100,MIDDLE,218764,36099,256,26230,5625,3,25,5,8,True,EUW1_7761362393,Grandmaster
8,17,Kennen,5,0,False,True,16587,0,11,183255,36453,0,19764,2484,15184,1107,0,100,BOTTOM,211611,39758,254,8590,820,3,18,3,4,True,EUW1_7761362393,Grandmaster
13,12,Nami,4,7,False,True,8466,0,2,8571,5194,0,2772,551,8758,1455,0,100,UTILITY,14351,5890,19,3007,144,3,106,9,39,True,EUW1_7761362393,Grandmaster
5,15,Riven,9,1,False,True,9955,1,0,0,0,0,127073,10634,16762,657,0,200,TOP,131403,12079,226,4329,1444,8,20,0,11,False,EUW1_7761362393,Grandmaster
9,16,Briar,9,3,False,True,14412,1,9,20578,2302,154,150889,14724,18698,6283,0,200,JUNGLE,250486,18980,33,79018,1953,8,31,4,3,False,EUW1_7761362393,Grandmaster
2,16,Zed,6,1,False,True,17337,1,13,9250,1330,4,188949,29230,14157,6621,0,200,MIDDLE,203083,31835,261,4883,1274,8,15,1,5,False,EUW1_7761362393,Grandmaster
5,14,Lux,4,0,False,True,10406,1,1,140424,7963,0,9995,44,2696,4960,0,200,BOTTOM,154079,8007,226,3658,0,8,20,1,12,False,EUW1_7761362393,Grandmaster
7,12,Nautilus,5,4,False,True,6803,1,0,5914,3677,0,5392,1824,11405,2074,0,200,UTILITY,15124,5501,21,3817,0,8,75,5,33,False,EUW1_7761362393,Grandmaster
8,16,Kled,7,0,False,False,11222,1,0,3516,3516,0,153841,28717,34202,6751,0,100,TOP,161538,32233,221,4180,0,8,16,0,10,False,EUW1_7760336061,Grandmaster
10,16,Sion,7,2,False,False,13232,1,5,32095,7426,182,132411,10900,40219,578,0,100,JUNGLE,302314,18526,46,137807,199,8,45,9,2,False,EUW1_7760336061,Grandmaster
8,15,Ahri,8,2,False,False,11636,1,10,81117,18679,0,12193,2006,14780,6230,0,100,MIDDLE,136628,28350,201,43316,7664,8,29,4,9,False,EUW1_7760336061,Grandmaster
5,16,Kalista,4,0,False,False,19302,1,19,16827,4243,26,194862,33904,21707,750,0,100,BOTTOM,222499,39833,241,10810,1685,8,24,4,9,False,EUW1_7760336061,Grandmaster
21,13,Taric,8,2,False,False,10081,1,3,23590,7047,4,19153,5310,26958,578,0,100,UTILITY,49295,12358,39,6551,0,8,63,3,21,False,EUW1_7760336061,Grandmaster
13,19,Camille,2,0,False,False,13919,0,6,7650,4016,4,152095,21794,33798,29,0,200,TOP,211540,43612,233,51794,17801,7,25,2,12,True,EUW1_7760336061,Grandmaster
23,16,Ivern,6,0,False,False,11259,0,1,12820,7764,120,4666,3283,8113,5875,0,200,JUNGLE,162140,13815,8,144653,2767,7,8,1,0,True,EUW1_7760336061,Grandmaster
9,17,Aurora,8,0,False,False,14602,0,9,168222,45095,6,16963,2907,15654,1107,0,200,MIDDLE,194726,51448,221,9540,3445,7,17,0,8,True,EUW1_7760336061,Grandmaster
10,16,Xayah,10,0,False,False,20573,0,17,1350,539,15,247024,76274,20255,26,0,200,BOTTOM,250170,77020,237,1795,206,7,12,2,8,True,EUW1_7760336061,Grandmaster
18,14,Rakan,11,1,False,False,8760,0,1,9466,6398,0,4781,1186,19133,6356,0,200,UTILITY,17908,7585,29,3660,0,7,77,5,38,True,EUW1_7760336061,Grandmaster
3,13,Ahri,15,0,False,False,7514,2,2,38784,8448,0,5818,473,9134,6230,0,100,TOP,64915,11195,123,20312,2274,10,15,1,7,False,EUW1_7760295526,Grandmaster
7,16,DrMundo,5,3,False,False,12482,2,5,62617,12436,187,86830,11064,21462,4982,0,100,JUNGLE,265840,25047,37,116393,1546,10,27,7,4,False,EUW1_7760295526,Grandmaster
3,16,Fizz,6,3,False,False,12284,2,4,127289,10150,0,22721,1582,11622,5212,0,100,MIDDLE,155263,13892,264,5251,2159,10,30,1,7,False,EUW1_7760295526,Grandmaster
2,14,Ezreal,5,1,False,False,13573,2,7,25124,6062,0,128011,13601,7455,5910,0,100,BOTTOM,157631,19716,251,4494,51,10,18,2,7,False,EUW1_7760295526,Grandmaster
6,12,Lux,7,2,False,False,7039,2,1,35817,8494,0,8773,890,10399,586,0,100,UTILITY,47930,9385,52,3338,0,10,71,6,32,False,EUW1_7760295526,Grandmaster
5,17,Kennen,6,1,False,False,13723,0,12,167666,29539,0,20322,3150,14121,1107,0,200,TOP,196291,34167,233,8301,1477,5,22,0,7,True,EUW1_7760295526,Grandmaster
9,15,RekSai,3,3,False,False,12298,0,7,15893,3175,172,118539,12158,24196,1641,0,200,JUNGLE,275877,20139,12,141445,4805,5,30,2,9,True,EUW1_7760295526,Grandmaster
7,17,Zed,1,0,False,False,15083,0,10,8845,2548,8,157189,24293,5349,6897,0,200,MIDDLE,182226,31856,212,16191,5014,5,18,2,11,True,EUW1_7760295526,Grandmaster
7,15,KogMaw,7,0,False,False,12693,0,8,115101,34993,0,24018,4456,10009,3150,0,200,BOTTOM,148480,40481,208,9360,1031,5,17,4,8,True,EUW1_7760295526,Grandmaster
19,14,Karma,2,4,False,False,8858,0,1,24855,9628,4,5824,1407,7522,7084,0,200,UTILITY,34799,12145,44,4119,1109,5,78,12,31,True,EUW1_7760295526,Grandmaster
3,15,Vladimir,4,0,False,False,8886,1,2,97160,15426,0,7031,728,18226,3582,0,100,TOP,111895,18234,199,7702,2080,8,11,0,8,False,EUW1_7760253995,Grandmaster
7,12,JarvanIV,9,5,False,False,8849,1,4,6671,814,133,75301,5356,23677,773,0,100,JUNGLE,169376,6608,10,87403,438,8,43,7,7,False,EUW1_7760253995,Grandmaster
4,15,Zed,2,0,False,False,11579,1,6,3754,437,0,99283,15241,7901,6897,0,100,MIDDLE,106579,17966,201,3541,2288,8,9,0,8,False,EUW1_7760253995,Grandmaster
7,13,Jhin,8,0,False,False,13427,1,11,3343,287,0,100863,22399,17937,6041,0,100,BOTTOM,106776,23492,165,2569,806,8,10,1,6,False,EUW1_7760253995,Grandmaster
12,10,Nautilus,8,7,False,False,6326,1,1,7472,4643,0,4448,2288,17531,6908,0,100,UTILITY,14319,7106,16,2398,174,8,52,3,28,False,EUW1_7760253995,Grandmaster
3,16,Zaahen,2,0,False,False,10896,0,6,3151,1186,0,113606,17750,13825,8,0,200,TOP,127413,20243,187,10655,1306,1,12,1,6,True,EUW1_7760253995,Grandmaster
12,13,LeeSin,6,5,False,False,9586,0,3,22151,2149,135,73728,12220,24331,577,0,200,JUNGLE,183338,15563,8,87460,1193,1,26,3,10,True,EUW1_7760253995,Grandmaster
4,14,Kennen,3,0,False,False,9553,0,4,94021,12034,0,15243,1089,11453,1107,0,200,MIDDLE,111629,13721,193,2364,598,1,19,2,6,True,EUW1_7760253995,Grandmaster
5,14,Aphelios,5,0,False,False,15911,0,17,2432,1134,0,170935,35153,15227,7033,0,200,BOTTOM,177133,36872,214,3765,584,1,15,6,6,True,EUW1_7760253995,Grandmaster
11,10,Pyke,8,1,False,False,7410,0,1,0,0,0,6962,4817,11701,6623,0,200,UTILITY,9986,6140,19,3023,1323,1,54,10,16,True,EUW1_7760253995,Grandmaster
6,15,Elise,11,2,False,False,8492,3,1,66524,20110,0,24961,4006,23898,6295,0,100,TOP,103545,25379,160,12059,1262,11,19,1,7,False,EUW1_7760209336,Grandmaster
1,16,Khazix,4,3,False,False,14217,3,11,1579,1579,205,187228,21328,18417,4428,0,100,JUNGLE,300763,26936,34,111956,4028,11,30,6,7,False,EUW1_7760209336,Grandmaster
6,17,Sylas,4,4,False,False,11901,3,5,164326,30916,0,13341,448,22882,1225,0,100,MIDDLE,190963,31924,275,13295,559,11,19,2,9,False,EUW1_7760209336,Grandmaster
6,15,Ezreal,8,1,False,False,14836,3,8,31152,10235,0,177122,29859,19694,7,0,100,BOTTOM,218423,40349,273,10148,254,11,21,6,9,False,EUW1_7760209336,Grandmaster
17,13,Rakan,2,7,False,False,8880,3,2,11245,4871,0,3941,1454,17564,1670,0,100,UTILITY,17048,6600,30,1862,275,11,114,6,53,False,EUW1_7760209336,Grandmaster
4,19,Garen,2,0,False,False,18419,0,16,3419,658,4,248578,32043,20262,8,0,200,TOP,265483,42195,307,13486,9492,2,28,4,11,True,EUW1_7760209336,Grandmaster
14,16,Shen,1,3,False,False,11591,0,4,61552,6082,177,47652,7300,18040,7084,0,200,JUNGLE,252794,15448,15,143590,2065,2,48,10,4,True,EUW1_7760209336,Grandmaster
5,15,Ekko,6,0,False,False,12775,0,5,161125,24582,0,16032,3804,13292,4397,0,200,MIDDLE,196088,30914,214,18929,2527,2,22,0,11,True,EUW1_7760209336,Grandmaster
9,15,Ashe,10,1,False,False,13317,0,4,4567,2767,4,135007,23569,15097,6236,0,200,BOTTOM,148047,27809,192,8472,1473,2,28,5,11,True,EUW1_7760209336,Grandmaster
12,14,Nidalee,8,1,False,False,9493,0,0,46221,13919,0,9869,2583,17768,1107,0,200,UTILITY,61824,18903,59,5733,2399,2,97,9,30,True,EUW1_7760209336,Grandmaster
9,17,Sion,5,1,False,False,11273,0,3,18993,7315,0,126617,19267,25278,6091,0,100,TOP,150090,27648,215,4479,1064,2,28,2,8,True,EUW1_7761425923,Grandmaster
10,16,Zyra,2,3,False,False,15002,0,9,191926,22234,173,14387,1540,7472,7070,0,100,JUNGLE,295534,26806,59,89219,3031,2,30,6,3,True,EUW1_7761425923,Grandmaster
8,15,Yone,6,0,False,False,10930,0,6,15771,2812,4,121003,16384,10370,5680,0,100,MIDDLE,144776,21177,190,8002,1980,2,24,2,9,True,EUW1_7761425923,Grandmaster
4,15,Draven,3,0,False,False,18854,0,12,0,0,14,231752,33383,8530,5449,0,100,BOTTOM,244348,33860,241,12595,477,2,27,4,8,True,EUW1_7761425923,Grandmaster
20,13,Janna,4,10,False,False,10229,0,2,16929,3778,4,5153,928,8255,5424,0,100,UTILITY,29764,4998,23,7681,291,2,72,3,39,True,EUW1_7761425923,Grandmaster
6,17,Garen,4,0,False,False,11575,3,4,148,148,0,137346,15370,23448,2072,0,200,TOP,149906,21502,244,12411,5984,11,26,4,7,False,EUW1_7761425923,Grandmaster
6,14,Nunu,9,0,False,False,10578,3,5,59209,10904,161,18224,410,23152,6720,0,200,JUNGLE,233182,11440,18,155748,125,11,22,1,9,False,EUW1_7761425923,Grandmaster
4,16,Akali,8,2,False,False,13035,3,9,141358,29016,0,15885,1324,18813,21,0,200,MIDDLE,161979,32185,225,4735,1844,11,19,2,4,False,EUW1_7761425923,Grandmaster
8,14,Jhin,4,0,False,False,11763,3,2,6735,475,0,143322,15704,10054,5759,0,200,BOTTOM,153763,16180,240,3706,0,11,6,1,4,False,EUW1_7761425923,Grandmaster
11,13,Sona,8,8,False,False,6682,3,0,12484,6130,0,3636,1630,15177,25,0,200,UTILITY,17706,7760,29,1585,0,11,88,7,37,False,EUW1_7761425923,Grandmaster
2,16,Warwick,9,0,False,False,10812,2,5,30033,9399,0,73479,12825,19388,4414,0,100,TOP,110223,23325,170,6710,1100,10,29,3,10,False,EUW1_7761403568,Grandmaster
5,16,Shaco,8,2,False,False,10354,2,0,153050,20628,193,25728,970,10116,5936,0,100,JUNGLE,273955,26658,30,95174,5059,10,27,2,8,False,EUW1_7761403568,Grandmaster
2,16,Vladimir,7,0,False,False,13331,2,4,175177,30915,0,14102,2135,17347,4353,0,100,MIDDLE,200635,33936,281,11354,884,10,16,2,6,False,EUW1_7761403568,Grandmaster
5,15,Corki,10,0,False,False,13482,2,5,57337,6163,0,102293,26414,16720,6425,0,100,BOTTOM,175613,37140,244,15982,4561,10,12,2,8,False,EUW1_7761403568,Grandmaster
7,12,Pyke,14,3,False,False,9501,2,4,0,0,0,21992,9973,12067,3151,0,100,UTILITY,27271,12996,40,5279,3022,10,73,14,22,False,EUW1_7761403568,Grandmaster
8,19,TwistedFate,4,1,False,False,16623,0,10,72469,12375,16,152263,19663,13445,1596,0,200,TOP,233354,32360,249,8621,321,2,26,1,9,True,EUW1_7761403568,Grandmaster
8,18,Ekko,2,0,False,False,16613,0,15,232302,25971,215,30539,3236,18770,7050,0,200,JUNGLE,400303,32452,43,137460,3244,2,14,2,2,True,EUW1_7761403568,Grandmaster
8,17,Zac,3,2,False,False,13532,0,10,142718,27909,0,12207,2369,28964,7084,0,200,MIDDLE,160447,32627,221,5521,2348,2,31,4,12,True,EUW1_7761403568,Grandmaster
6,16,Yunara,8,0,False,False,17531,0,11,55049,10219,12,165885,26439,17400,22,0,200,BOTTOM,229941,37745,232,9007,1086,2,14,1,6,True,EUW1_7761403568,Grandmaster
32,15,Janna,2,12,False,False,11412,0,2,23804,6988,0,7135,1797,9317,5424,0,200,UTILITY,35130,9897,32,4190,1111,2,100,9,50,True,EUW1_7761403568,Grandmaster
10,17,Ornn,5,0,False,False,12743,0,4,79016,14418,1,62721,7006,33245,22,0,100,TOP,144520,21593,231,2781,168,5,32,2,12,True,EUW1_7761375408,Grandmaster
5,18,Evelynn,4,0,False,False,19273,0,17,196251,34842,194,13417,667,20157,1151,0,100,JUNGLE,305101,38754,15,95431,3243,5,16,0,10,True,EUW1_7761375408,Grandmaster
3,16,Irelia,9,0,False,False,14266,0,6,27065,7374,16,174374,22902,16610,5680,0,100,MIDDLE,204042,30277,246,2602,0,5,34,6,11,True,EUW1_7761375408,Grandmaster
7,15,MissFortune,7,3,False,False,13514,0,3,2483,1136,8,184839,24912,12831,3587,0,100,BOTTOM,195086,26176,252,7763,127,5,26,6,13,True,EUW1_7761375408,Grandmaster
14,13,Janna,2,12,False,False,9403,0,0,14441,5141,2,3549,1228,7972,5424,0,100,UTILITY,20974,7457,28,2983,1088,5,104,8,56,True,EUW1_7761375408,Grandmaster
5,17,Ambessa,7,2,False,False,11738,3,7,161,161,0,145054,28629,15596,6087,0,200,TOP,158187,31759,211,12971,2967,11,24,2,11,False,EUW1_7761375408,Grandmaster
14,15,JarvanIV,5,1,False,False,13168,3,4,13926,1568,174,156866,15415,13536,7050,0,200,JUNGLE,267836,19373,35,97043,2389,11,26,5,3,False,EUW1_7761375408,Grandmaster
10,16,Sylas,6,0,False,False,12639,3,6,147741,31033,0,7711,429,25353,4403,0,200,MIDDLE,174988,32400,220,19535,936,11,13,3,3,False,EUW1_7761375408,Grandmaster
5,14,Zeri,7,2,False,False,14997,3,7,20075,6625,8,122574,15744,12059,2099,0,200,BOTTOM,163766,23559,242,21116,1188,11,43,9,11,False,EUW1_7761375408,Grandmaster
6,12,Pyke,5,9,False,False,8574,3,3,0,0,4,13427,7787,13442,5432,0,200,UTILITY,17394,10007,17,3967,2219,11,101,5,49,False,EUW1_7761375408,Grandmaster
0,15,Renekton,3,1,False,True,8796,2,1,11407,3557,0,122637,15128,24724,984,0,100,TOP,135988,18686,233,1944,0,9,21,2,7,False,EUW1_7761361072,Grandmaster
0,11,RekSai,10,4,False,True,6722,2,2,9665,1763,105,62000,5249,21250,3519,0,100,JUNGLE,134617,9539,4,62950,2525,9,25,3,6,False,EUW1_7761361072,Grandmaster
1,13,Azir,4,1,False,True,7389,2,0,86633,11267,0,3768,234,9742,7049,0,100,MIDDLE,92851,11502,193,2450,0,9,22,4,8,False,EUW1_7761361072,Grandmaster
2,12,Ezreal,4,1,False,True,9580,2,3,12152,5406,0,106067,12975,7778,4832,0,100,BOTTOM,119363,18382,195,1143,0,9,15,3,6,False,EUW1_7761361072,Grandmaster
5,10,Braum,4,3,False,True,5768,2,0,6180,5348,0,2309,1202,8950,6236,0,100,UTILITY,9276,6551,13,786,0,9,42,4,20,False,EUW1_7761361072,Grandmaster
9,16,KSante,1,0,False,True,9527,0,2,6079,3211,0,116346,19980,23179,6622,0,200,TOP,143857,24785,191,21431,1594,1,17,1,8,True,EUW1_7761361072,Grandmaster
10,15,JarvanIV,0,3,False,True,12647,0,8,14036,2200,191,131842,16931,14603,6075,0,200,JUNGLE,266317,19957,24,120439,825,1,30,6,7,True,EUW1_7761361072,Grandmaster
8,15,Corki,0,2,False,True,13933,0,11,45751,4768,4,123865,16982,5865,3589,0,200,MIDDLE,196391,24899,221,26774,3148,1,15,0,10,True,EUW1_7761361072,Grandmaster
4,13,Mel,5,1,False,True,10304,0,4,90602,15047,3,11107,1301,8670,7084,0,200,BOTTOM,104375,16348,193,2665,0,1,18,2,8,True,EUW1_7761361072,Grandmaster
18,12,Janna,0,8,False,True,8384,0,0,14596,3492,0,4430,790,4186,5424,0,200,UTILITY,23390,5180,30,4364,898,1,82,14,36,True,EUW1_7761361072,Grandmaster
2,17,Kled,5,0,False,True,12456,3,4,3128,3128,0,173198,15989,21087,617,0,100,TOP,187971,20328,258,11643,1210,9,17,1,8,False,EUW1_7761338586,Grandmaster
6,14,Graves,7,1,False,True,10322,3,5,1503,1276,107,121473,16450,12577,3543,0,100,JUNGLE,177379,19978,29,54403,2251,9,18,1,3,False,EUW1_7761338586,Grandmaster
5,14,Akali,10,0,False,True,7981,3,2,72565,13623,0,11594,1330,20431,3150,0,100,MIDDLE,96077,16786,126,11918,1832,9,15,0,8,False,EUW1_7761338586,Grandmaster
6,15,Lucian,5,1,False,True,13815,3,5,12964,2809,8,149715,17166,11554,5491,0,100,BOTTOM,167284,21117,222,4603,1142,9,24,5,8,False,EUW1_7761338586,Grandmaster
11,12,Nami,10,5,False,True,7451,3,0,15456,8899,2,4456,1508,10468,4551,0,100,UTILITY,22836,10806,19,2923,397,9,81,5,39,False,EUW1_7761338586,Grandmaster
2,14,Jax,7,0,False,True,8850,0,2,37575,10238,0,77030,11948,21061,6500,0,200,TOP,129353,22186,177,14748,0,4,17,0,9,True,EUW1_7761338586,Grandmaster
6,17,Ekko,1,0,False,True,16451,0,17,220625,28668,233,29078,4251,19483,7050,0,200,JUNGLE,361657,36712,24,111954,3792,4,22,3,2,True,EUW1_7761338586,Grandmaster
8,15,Qiyana,1,0,False,True,14303,0,13,15469,2563,2,152330,27284,11213,24,0,200,MIDDLE,171817,32270,190,4017,2421,4,19,4,5,True,EUW1_7761338586,Grandmaster
6,13,Xayah,5,0,False,True,10302,0,0,298,150,8,120819,12381,12106,897,0,200,BOTTOM,123852,12703,175,2734,172,4,13,2,7,True,EUW1_7761338586,Grandmaster
21,14,Janna,2,10,False,True,10821,0,5,21684,9546,4,4755,1556,8269,5424,0,200,UTILITY,33476,12922,35,7036,1819,4,99,8,45,True,EUW1_7761338586,Grandmaster
6,16,Riven,2,1,False,False,10836,0,7,142,58,0,117818,19024,9839,29,0,100,TOP,122901,20057,202,4940,975,0,11,1,7,True,EUW1_7761310077,Grandmaster
4,13,RekSai,1,3,False,False,9613,0,6,8876,1209,134,85240,5396,15323,6804,0,100,JUNGLE,182160,7719,17,88043,1112,0,23,3,4,True,EUW1_7761310077,Grandmaster
4,14,Taliyah,4,2,False,False,8765,0,4,103240,20034,0,9814,1174,3135,5271,0,100,MIDDLE,116990,21208,183,3935,0,0,13,0,10,True,EUW1_7761310077,Grandmaster
6,13,Ezreal,3,3,False,False,14173,0,15,12754,4277,4,117612,20946,7027,4568,0,100,BOTTOM,132339,25224,186,1972,0,0,18,4,7,True,EUW1_7761310077,Grandmaster
18,11,Janna,2,8,False,False,8581,0,5,15593,5570,0,5613,1618,6145,5424,0,100,UTILITY,25310,7603,20,4103,414,0,63,6,30,True,EUW1_7761310077,Grandmaster
2,13,Jax,10,0,False,False,7605,1,2,16265,4971,0,57846,8112,21861,6236,0,200,TOP,81620,14371,151,7508,1288,8,18,1,6,False,EUW1_7761310077,Grandmaster
3,12,Viego,3,3,False,False,8461,1,3,2224,405,120,98823,5732,11820,783,0,200,JUNGLE,147993,6396,26,46946,258,8,18,1,7,False,EUW1_7761310077,Grandmaster
1,12,Ryze,5,1,False,False,7376,1,1,73004,7993,0,12095,843,5973,1636,0,200,MIDDLE,86705,8837,162,1604,0,8,15,1,8,False,EUW1_7761310077,Grandmaster
1,11,Viktor,11,0,False,False,7775,1,3,70393,15554,0,6815,862,12272,3231,0,200,BOTTOM,77831,16416,146,622,0,8,12,1,6,False,EUW1_7761310077,Grandmaster
3,9,Nami,8,5,False,False,6729,1,3,7038,5583,0,4245,2443,8982,3838,0,200,UTILITY,13154,8339,13,1870,312,8,59,2,26,False,EUW1_7761310077,Grandmaster
5,15,Cassiopeia,16,1,False,False,9285,2,2,94121,19006,0,8396,1107,12150,6236,0,100,TOP,104657,20159,173,2138,45,10,14,1,7,False,EUW1_7761309482,Grandmaster
5,16,MasterYi,9,3,False,False,17113,2,13,13822,2023,169,145128,18539,18944,783,0,100,JUNGLE,254066,28626,26,95114,8063,10,45,12,4,False,EUW1_7761309482,Grandmaster
5,16,Ryze,5,3,False,False,10895,2,0,171887,18010,0,13954,514,14280,5271,0,100,MIDDLE,191973,18761,282,6131,235,10,41,6,15,False,EUW1_7761309482,Grandmaster
7,15,Nilah,9,0,False,False,17153,2,12,431,335,14,216166,32509,20624,1425,0,100,BOTTOM,221291,33444,240,4693,599,10,22,7,8,False,EUW1_7761309482,Grandmaster
17,14,Janna,3,11,False,False,9611,2,0,12726,4664,0,3565,1376,9845,5424,0,100,UTILITY,20055,8140,44,3763,2098,10,100,10,48,False,EUW1_7761309482,Grandmaster
7,18,Vladimir,6,1,False,False,16676,0,14,231032,33999,12,10340,1371,16501,29,0,200,TOP,249524,38232,252,8152,2862,2,31,6,12,True,EUW1_7761309482,Grandmaster
13,18,XinZhao,5,2,False,False,15362,0,6,16920,1181,225,189927,22125,26924,25,0,200,JUNGLE,355326,23680,38,148478,372,2,45,10,3,True,EUW1_7761309482,Grandmaster
13,18,Velkoz,4,3,False,False,14021,0,6,154115,24603,1,7369,536,6363,7091,0,200,MIDDLE,211702,36521,250,50216,11381,2,39,6,15,True,EUW1_7761309482,Grandmaster
13,16,Jhin,6,3,False,False,17681,0,12,8233,1812,0,188617,29078,13627,3151,0,200,BOTTOM,203147,31119,226,6296,227,2,38,6,12,True,EUW1_7761309482,Grandmaster
14,14,Amumu,7,3,False,False,9951,0,4,12735,7066,0,5972,1545,18840,6872,0,200,UTILITY,24443,11177,34,5735,2564,2,99,9,37,True,EUW1_7761309482,Grandmaster
1,15,Rumble,4,2,False,False,10036,0,2,96037,19379,0,11848,818,11886,586,0,100,TOP,112661,20664,181,4775,466,3,17,0,10,True,EUW1_7761296852,Grandmaster
5,15,Jayce,0,4,False,False,14050,0,8,27446,701,176,155208,17342,12503,5759,0,100,JUNGLE,263333,20162,38,80678,2118,3,31,3,6,True,EUW1_7761296852,Grandmaster
4,15,Yasuo,1,0,False,False,10645,0,1,22526,659,4,123071,6962,10471,6759,0,100,MIDDLE,146913,7622,245,1315,0,3,15,2,5,True,EUW1_7761296852,Grandmaster
9,14,Jhin,3,0,False,False,10797,0,2,6038,758,0,118914,12094,7821,3151,0,100,BOTTOM,133828,12852,184,8874,0,3,18,4,10,True,EUW1_7761296852,Grandmaster
12,13,Senna,0,5,False,False,9752,0,2,0,0,0,54942,16617,9744,3151,0,100,UTILITY,60521,16698,47,5579,80,3,61,8,23,True,EUW1_7761296852,Grandmaster
1,15,KSante,3,0,False,False,8403,2,1,617,592,0,106930,8618,13088,22,0,200,TOP,112423,9305,209,4875,93,9,31,4,10,False,EUW1_7761296852,Grandmaster
1,14,Ambessa,3,4,False,False,9226,2,2,91,0,177,174327,6578,16139,5179,0,200,JUNGLE,254016,7690,11,79597,1111,9,36,4,10,False,EUW1_7761296852,Grandmaster
1,16,Azir,3,0,False,False,10966,2,3,128845,16229,0,10064,798,15160,903,0,200,MIDDLE,158539,17027,262,19628,0,9,12,1,7,False,EUW1_7761296852,Grandmaster
1,12,Ezreal,5,0,False,False,8499,2,2,11754,4618,0,71980,7497,17645,7,0,200,BOTTOM,90309,12222,150,6573,106,9,11,1,7,False,EUW1_7761296852,Grandmaster
3,11,Janna,1,2,False,False,5899,2,0,11195,3951,0,3999,685,8012,5424,0,200,UTILITY,21194,4900,28,5999,264,9,62,9,23,False,EUW1_7761296852,Grandmaster
5,16,Vayne,7,0,False,False,11323,0,3,4118,195,1,105134,12365,18339,717,0,100,TOP,130252,17349,176,20999,4788,4,31,6,12,True,EUW1_7761174750,Grandmaster
17,17,JarvanIV,3,0,False,False,15285,0,8,16368,1879,174,168815,21135,23879,29,0,100,JUNGLE,305964,24028,70,120781,1012,4,21,6,0,True,EUW1_7761174750,Grandmaster
8,17,Akali,3,1,False,False,15751,0,18,183351,59740,4,18524,3798,26166,6759,0,100,MIDDLE,206755,63736,215,4879,197,4,19,1,4,True,EUW1_7761174750,Grandmaster
10,14,Senna,2,0,False,False,12795,0,7,22438,3797,0,97539,26366,10268,1450,0,100,BOTTOM,129076,30536,164,9098,372,4,17,4,6,True,EUW1_7761174750,Grandmaster
25,14,Janna,2,11,False,False,10366,0,1,24453,6887,0,8289,1651,12897,5424,0,100,UTILITY,37777,10196,45,5033,1658,4,127,13,52,True,EUW1_7761174750,Grandmaster
4,18,Yorick,5,2,False,False,14128,2,6,34490,10420,6,167336,22340,18674,4554,0,200,TOP,216254,33751,273,14426,990,10,38,1,13,False,EUW1_7761174750,Grandmaster
5,16,DrMundo,5,2,False,False,12201,2,4,66697,12990,205,101473,8271,31875,6227,0,200,JUNGLE,314016,21830,23,145843,567,10,28,7,3,False,EUW1_7761174750,Grandmaster
3,14,Cassiopeia,13,0,False,False,10049,2,3,93485,21232,0,7215,873,16824,6872,0,200,MIDDLE,103767,23241,160,3066,1135,10,13,1,8,False,EUW1_7761174750,Grandmaster
7,14,Caitlyn,10,0,False,False,11120,2,3,4229,1573,4,143707,23415,11632,4308,0,200,BOTTOM,155236,25227,201,7299,238,10,19,4,10,False,EUW1_7761174750,Grandmaster
5,12,Nautilus,4,6,False,False,7723,2,1,10706,6252,0,6632,2428,11382,6796,0,200,UTILITY,21064,9628,41,3725,948,10,107,7,50,False,EUW1_7761174750,Grandmaster
0,11,Darius,5,0,False,True,5199,0,0,194,194,0,55147,6144,9323,6498,0,100,TOP,57756,7511,130,2414,1172,4,10,0,5,False,EUW1_7761133484,Grandmaster
2,10,Khazix,5,2,False,True,8019,0,4,546,546,98,74335,7516,12800,938,0,100,JUNGLE,121034,9091,9,46152,1027,4,23,3,7,False,EUW1_7761133484,Grandmaster
1,12,Anivia,2,0,False,True,5350,0,0,52238,4136,0,8729,935,5347,14,0,100,MIDDLE,63471,5375,135,2503,303,4,9,0,5,False,EUW1_7761133484,Grandmaster
1,10,Lucian,7,0,False,True,8448,0,6,6226,2863,0,64288,12675,12134,3018,0,100,BOTTOM,72023,15578,117,1508,39,4,17,5,5,False,EUW1_7761133484,Grandmaster
7,9,Yuumi,5,0,False,True,4992,0,1,7952,4768,0,1303,368,5277,7080,0,100,UTILITY,10251,5471,8,995,334,4,22,0,12,False,EUW1_7761133484,Grandmaster
1,13,Trundle,1,0,False,True,8382,0,5,787,787,4,92674,8040,12365,6001,0,200,TOP,102932,8827,148,9470,0,0,14,2,5,True,EUW1_7761133484,Grandmaster
8,11,Hecarim,2,2,False,True,6929,0,1,8478,1098,124,85190,3328,13700,4762,0,200,JUNGLE,150407,4543,10,56739,116,0,20,1,5,True,EUW1_7761133484,Grandmaster
5,11,AurelionSol,1,0,False,True,5570,0,0,49783,7695,1,4160,0,6379,6860,0,200,MIDDLE,59030,7769,129,5086,74,0,10,1,6,True,EUW1_7761133484,Grandmaster
5,10,Yunara,5,0,False,True,12340,0,13,17833,6633,0,72044,17416,11949,28,0,200,BOTTOM,92099,24287,130,2221,237,0,9,1,6,True,EUW1_7761133484,Grandmaster
11,10,Janna,3,6,False,True,7415,0,5,15982,4457,0,4816,1557,7383,5424,0,200,UTILITY,23835,6575,24,3036,560,0,32,2,22,True,EUW1_7761133484,Grandmaster
2,19,Tryndamere,12,3,False,False,15396,3,5,0,0,12,265003,38008,26431,5067,0,100,TOP,275390,41843,315,10387,3835,11,49,6,8,False,EUW1_7759442017,Grandmaster
9,18,Khazix,10,1,False,False,21682,3,16,3254,3114,213,252872,38938,34160,6063,0,100,JUNGLE,381328,45663,42,125201,3610,11,24,0,2,False,EUW1_7759442017,Grandmaster
8,18,Velkoz,5,3,False,False,17729,3,10,226330,36711,0,11318,455,7999,5973,0,100,MIDDLE,287867,51749,320,50217,14581,11,40,7,15,False,EUW1_7759442017,Grandmaster
11,16,Zilean,10,0,False,False,10954,3,0,137880,21284,0,13055,2492,18817,22,0,100,BOTTOM,170459,23777,211,19524,0,11,20,5,9,False,EUW1_7759442017,Grandmaster
21,16,Karma,8,11,False,False,12042,3,4,24508,14805,0,3218,1045,17190,3367,0,100,UTILITY,29218,16042,35,1491,191,11,147,16,56,False,EUW1_7759442017,Grandmaster
9,20,Gangplank,5,0,False,False,20655,0,11,18288,4703,16,298430,29819,21280,6923,0,200,TOP,340692,41349,271,23973,6825,5,13,1,11,True,EUW1_7759442017,Grandmaster
18,18,Morgana,7,0,False,False,18299,0,12,254218,36045,246,18201,1450,23260,6700,0,200,JUNGLE,414719,41740,34,142296,4244,5,28,6,2,True,EUW1_7759442017,Grandmaster
5,18,Sylas,5,2,False,False,18148,0,11,226703,43698,0,8977,468,28988,7,0,200,MIDDLE,245440,47867,307,9759,3701,5,26,5,4,True,EUW1_7759442017,Grandmaster
13,18,Caitlyn,9,4,False,False,18629,0,9,1582,923,12,255582,39346,13849,4895,0,200,BOTTOM,264163,41095,255,6998,826,5,37,6,16,True,EUW1_7759442017,Grandmaster
18,16,Leona,9,13,False,False,10854,0,2,15262,7990,0,11567,6327,26283,7019,0,200,UTILITY,30127,15922,25,3297,1605,5,137,15,58,True,EUW1_7759442017,Grandmaster
7,17,Urgot,5,2,False,False,12625,1,9,0,0,8,134158,15236,16800,4534,0,100,TOP,142691,16216,206,8532,979,7,25,2,11,False,EUW1_7757040181,Grandmaster
14,14,RekSai,8,0,False,False,11509,1,6,10149,1363,157,102975,10871,23613,3539,0,100,JUNGLE,222853,16824,7,109728,4589,7,28,0,11,False,EUW1_7757040181,Grandmaster
9,16,Ryze,7,0,False,False,11937,1,6,133010,19743,4,10149,2042,23340,1626,0,100,MIDDLE,145753,21894,203,2593,109,7,23,3,10,False,EUW1_7757040181,Grandmaster
11,14,Aphelios,6,0,False,False,15742,1,8,2658,455,4,123306,24125,11301,9,0,100,BOTTOM,128059,24755,183,2094,175,7,22,4,8,False,EUW1_7757040181,Grandmaster
13,12,Elise,12,7,False,False,10560,1,9,22612,16473,0,4949,1521,16142,577,0,100,UTILITY,31982,19227,23,4419,1232,7,74,6,31,False,EUW1_7757040181,Grandmaster
4,17,Kennen,9,0,False,False,10609,0,3,95217,11452,0,24203,3017,19204,3590,0,200,TOP,132928,15425,219,13507,955,3,24,2,9,True,EUW1_7757040181,Grandmaster
16,16,Nidalee,7,1,False,False,15518,0,12,151957,21146,171,15410,1334,18767,606,0,200,JUNGLE,248949,23900,16,81581,1419,3,21,4,3,True,EUW1_7757040181,Grandmaster
14,15,Jayce,8,3,False,False,14020,0,11,18493,6335,7,140180,27138,10881,7,0,200,MIDDLE,164685,33521,182,6011,47,3,24,6,11,True,EUW1_7757040181,Grandmaster
17,15,Jinx,6,1,False,False,16661,0,8,1062,339,4,188972,37779,14254,7084,0,200,BOTTOM,193364,38362,225,3330,244,3,15,3,7,True,EUW1_7757040181,Grandmaster
22,14,Nautilus,8,4,False,False,9451,0,4,16041,7478,0,10374,3594,11167,3522,0,200,UTILITY,41924,11073,38,15508,0,3,73,5,27,True,EUW1_7757040181,Grandmaster
5,18,Gwen,7,5,False,False,14016,1,8,130045,24242,4,43762,4913,28612,1668,0,100,TOP,224271,33201,238,50463,4045,7,47,3,14,False,EUW1_7756972297,Grandmaster
15,18,Nocturne,7,0,False,False,15516,1,5,7531,3232,213,222976,39075,29350,907,0,100,JUNGLE,348673,46420,58,118166,4112,7,21,5,2,False,EUW1_7756972297,Grandmaster
12,17,Aurora,3,2,False,False,15671,1,9,193989,45450,4,19537,4190,12688,3015,0,100,MIDDLE,218923,51865,278,5397,2224,7,40,7,6,False,EUW1_7756972297,Grandmaster
7,16,Corki,10,1,False,False,17899,1,13,81590,9287,21,142273,40947,17080,6753,0,100,BOTTOM,257177,61635,234,33313,11400,7,25,3,12,False,EUW1_7756972297,Grandmaster
22,14,Nami,7,9,False,False,11597,1,5,27178,14512,1,5226,2526,11738,7,0,100,UTILITY,34191,17173,28,1786,135,7,110,9,42,False,EUW1_7756972297,Grandmaster
5,18,Riven,8,0,False,False,18712,1,10,0,0,0,188440,33108,15271,6872,0,200,TOP,198129,35279,246,9688,2170,5,34,3,14,True,EUW1_7756972297,Grandmaster
12,18,DrMundo,6,1,False,False,16519,1,9,72589,12031,189,146586,19098,54970,7061,0,200,JUNGLE,367734,36267,74,148557,5136,5,28,5,6,True,EUW1_7756972297,Grandmaster
19,18,Taliyah,7,1,False,False,16614,1,5,246269,41232,4,14801,2890,16386,7,0,200,MIDDLE,266273,45484,284,5202,1361,5,22,1,15,True,EUW1_7756972297,Grandmaster
21,16,Soraka,8,2,False,False,12616,1,3,94011,11337,0,12483,2286,11068,5871,0,200,BOTTOM,108718,15751,160,2223,2127,5,14,2,10,True,EUW1_7756972297,Grandmaster
14,15,Nautilus,11,10,False,False,12117,1,7,22873,9746,0,9542,4526,23614,577,0,200,UTILITY,35844,15908,32,3428,1634,5,96,7,41,True,EUW1_7756972297,Grandmaster
6,16,Aatrox,12,0,False,False,10462,1,4,7152,4432,0,145356,25799,34943,3152,0,100,TOP,156566,30232,197,4056,0,7,30,2,11,False,EUW1_7755286545,Grandmaster
2,16,Jax,10,0,False,False,13613,1,8,112400,16198,202,102281,17146,18241,19,0,100,JUNGLE,327712,34057,47,113029,713,7,21,2,7,False,EUW1_7755286545,Grandmaster
6,17,Akali,8,1,False,False,13746,1,7,143900,28475,0,14684,2289,14900,1587,0,100,MIDDLE,163587,32191,202,5002,1426,7,16,2,5,False,EUW1_7755286545,Grandmaster
3,15,Draven,9,1,False,False,16242,1,11,221,221,0,215621,45167,10159,5688,0,100,BOTTOM,219533,45853,237,3689,464,7,9,1,7,False,EUW1_7755286545,Grandmaster
17,13,Janna,3,14,False,False,9750,1,3,13390,6048,0,5099,1764,5450,7064,0,100,UTILITY,22350,10048,34,3859,2235,7,132,18,58,False,EUW1_7755286545,Grandmaster
11,17,Ambessa,8,0,False,False,11026,0,5,1339,1339,0,148174,31833,23838,5959,0,200,TOP,153384,35210,197,3870,2037,5,18,1,11,True,EUW1_7755286545,Grandmaster
7,18,Ekko,4,2,False,False,19568,0,22,215731,42374,184,21981,4298,27659,14,0,200,JUNGLE,342196,51879,25,104483,5206,5,23,0,6,True,EUW1_7755286545,Grandmaster
20,17,Galio,4,3,False,False,13775,0,7,162592,25463,0,5029,626,30961,7,0,200,MIDDLE,175402,26808,235,7780,718,5,27,4,6,True,EUW1_7755286545,Grandmaster
17,16,Kaisa,9,1,False,False,16353,0,7,27039,8247,28,168158,23129,20388,4,0,200,BOTTOM,199666,34269,228,4469,2892,5,45,14,12,True,EUW1_7755286545,Grandmaster
26,14,Neeko,8,4,False,False,10501,0,1,61380,20607,4,7255,2197,20092,4978,0,200,UTILITY,73485,25179,54,4848,2374,5,82,9,37,True,EUW1_7755286545,Grandmaster
10,17,Sion,8,0,False,False,15397,0,9,22441,10836,0,150593,31492,35306,5719,0,100,TOP,177933,43897,202,4897,1568,6,30,1,11,True,EUW1_7755225454,Grandmaster
8,15,Sylas,7,1,False,False,14278,0,10,153436,24730,155,10814,2797,33679,6923,0,100,JUNGLE,258331,27954,32,94081,426,6,21,2,3,True,EUW1_7755225454,Grandmaster
6,16,Jayce,6,1,False,False,12596,0,9,19938,7380,0,134832,30355,18462,7,0,100,MIDDLE,164266,39267,221,9494,1532,6,17,5,8,True,EUW1_7755225454,Grandmaster
10,15,Ashe,6,0,False,False,13872,0,5,7365,3586,0,102483,29111,10411,5177,0,100,BOTTOM,114003,32869,193,4153,172,6,18,2,8,True,EUW1_7755225454,Grandmaster
13,13,Seraphine,7,3,False,False,8614,0,2,40845,13372,4,6167,2395,9166,5177,0,100,UTILITY,51121,15767,45,4108,0,6,84,3,35,True,EUW1_7755225454,Grandmaster
9,16,DrMundo,10,0,False,False,11472,1,3,35936,18402,0,112932,15452,49339,3152,0,200,TOP,154835,33854,191,5966,0,8,23,0,11,False,EUW1_7755225454,Grandmaster
12,15,Qiyana,8,0,False,False,13196,1,6,14095,1710,164,157971,19519,20494,6622,0,200,JUNGLE,253128,23099,22,81062,1870,8,22,4,2,False,EUW1_7755225454,Grandmaster
6,16,Akali,5,1,False,False,13967,1,16,133401,32564,0,14065,2314,23037,6796,0,200,MIDDLE,151031,35895,202,3564,1016,8,22,2,8,False,EUW1_7755225454,Grandmaster
14,15,Jinx,6,1,False,False,15615,1,7,1137,514,30,198358,36191,13585,5688,0,200,BOTTOM,208219,37143,212,8723,437,8,24,6,7,False,EUW1_7755225454,Grandmaster
25,14,Sona,6,5,False,False,9533,1,2,22055,13153,0,6317,4176,14735,6622,0,200,UTILITY,30100,17329,17,1727,0,8,77,2,39,False,EUW1_7755225454,Grandmaster
2,15,Akali,5,2,False,True,9443,0,4,95602,8486,0,15305,1449,6730,6502,0,100,TOP,114330,11006,182,3422,1070,4,24,1,11,True,EUW1_7746582151,Grandmaster
8,14,RekSai,2,0,False,True,11220,0,8,12356,1740,140,90851,10359,17109,5765,0,100,JUNGLE,202005,16780,17,98798,4680,4,16,4,0,True,EUW1_7746582151,Grandmaster
10,14,Taliyah,5,4,False,True,9823,0,2,114317,13735,0,8489,1611,5400,7,0,100,MIDDLE,124196,15417,181,1389,69,4,27,1,13,True,EUW1_7746582151,Grandmaster
4,14,Caitlyn,1,0,False,True,13663,0,6,509,173,8,173163,21608,3276,785,0,100,BOTTOM,180445,22471,240,6772,690,4,15,3,7,True,EUW1_7746582151,Grandmaster
15,12,Sona,3,0,False,True,7300,0,2,9087,4210,0,3982,1841,4907,6222,0,100,UTILITY,14760,6051,17,1690,0,4,61,5,29,True,EUW1_7746582151,Grandmaster
2,14,Galio,5,2,False,True,9708,0,5,105972,13103,0,4553,262,18446,773,0,200,TOP,118663,15596,171,8137,2230,3,30,3,10,False,EUW1_7746582151,Grandmaster
9,13,JarvanIV,6,3,False,True,9149,0,2,7112,928,144,85636,11383,15538,3860,0,200,JUNGLE,182105,12613,5,89358,301,3,25,2,4,False,EUW1_7746582151,Grandmaster
6,15,Hwei,3,1,False,True,9609,0,3,107185,18443,0,15850,1485,6294,7084,0,200,MIDDLE,144498,19929,223,21462,0,3,28,4,9,False,EUW1_7746582151,Grandmaster
4,13,KogMaw,2,2,False,True,9304,0,1,111950,14678,0,13659,1468,8240,7091,0,200,BOTTOM,134343,16149,200,8733,2,3,16,1,8,False,EUW1_7746582151,Grandmaster
5,9,Jax,6,0,False,True,7651,0,5,4302,1959,0,11541,5207,8107,3536,0,200,UTILITY,20579,8395,25,4736,1228,3,60,4,26,False,EUW1_7746582151,Grandmaster
4,13,Singed,5,0,False,False,7114,2,1,62984,11520,0,3500,567,14829,4428,0,100,TOP,67414,12087,142,930,0,10,17,1,9,False,EUW1_7746503587,Grandmaster
3,14,Shaco,4,0,False,False,11397,2,11,42389,5326,138,67646,12510,12746,29,0,100,JUNGLE,195694,19229,8,85658,1392,10,18,4,0,False,EUW1_7746503587,Grandmaster
5,16,Orianna,3,2,False,False,10366,2,3,136529,20239,4,12294,799,8420,3839,0,100,MIDDLE,150439,21167,256,1614,128,10,23,2,11,False,EUW1_7746503587,Grandmaster
2,12,Samira,9,0,False,False,11494,2,7,9781,2679,0,98105,28365,17167,29,0,100,BOTTOM,112629,32013,175,4742,968,10,17,3,8,False,EUW1_7746503587,Grandmaster
11,11,Rell,5,5,False,False,6852,2,0,6823,4293,0,2795,913,15818,588,0,100,UTILITY,13575,5696,30,3956,490,10,79,11,35,False,EUW1_7746503587,Grandmaster
3,17,Urgot,1,0,False,False,14587,0,9,0,0,0,169465,17358,11604,1625,0,200,TOP,174626,18971,247,5161,1613,1,23,1,9,True,EUW1_7746503587,Grandmaster
8,16,Zaahen,2,1,False,False,12500,0,5,8744,518,178,144738,14807,21305,6060,0,200,JUNGLE,255525,16241,29,102040,916,1,28,7,2,True,EUW1_7746503587,Grandmaster
3,15,AurelionSol,7,4,False,False,11199,0,7,106977,20561,12,3988,48,9571,3840,0,200,MIDDLE,118590,21099,194,7625,490,1,30,2,10,True,EUW1_7746503587,Grandmaster
8,14,Caitlyn,7,0,False,False,13504,0,5,971,562,0,148793,16102,12987,586,0,200,BOTTOM,153472,16675,222,3707,11,1,21,5,8,True,EUW1_7746503587,Grandmaster
14,11,Nautilus,5,8,False,False,7580,0,0,9277,5216,1,6123,2690,12459,7,0,200,UTILITY,18274,8009,24,2874,102,1,90,10,38,True,EUW1_7746503587,Grandmaster
3,17,Jax,4,0,False,False,13091,0,6,43952,9209,6,116532,15825,22922,23,0,100,TOP,169116,26629,217,8631,1595,2,26,3,9,True,EUW1_7746360300,Grandmaster
10,15,JarvanIV,4,3,False,False,10802,0,1,11719,1085,178,112070,8398,15917,5759,0,100,JUNGLE,245367,9741,9,121578,257,2,39,6,9,True,EUW1_7746360300,Grandmaster
3,16,Aurora,4,5,False,False,14922,0,16,149159,40865,0,16368,3273,18519,7,0,100,MIDDLE,180733,47286,210,15205,3147,2,36,6,11,True,EUW1_7746360300,Grandmaster
6,15,Yunara,3,2,False,False,15366,0,4,50630,10276,28,134695,13216,8979,1665,0,100,BOTTOM,191198,24277,246,5873,784,2,38,10,11,True,EUW1_7746360300,Grandmaster
11,12,Lulu,2,9,False,False,7736,0,0,23243,9150,4,4053,1096,5733,6388,0,100,UTILITY,29485,10532,26,2187,285,2,104,10,43,True,EUW1_7746360300,Grandmaster
4,15,Gnar,6,2,False,False,10984,2,4,13061,4464,4,123874,15810,13479,1670,0,200,TOP,141153,20493,189,4217,218,10,26,4,9,False,EUW1_7746360300,Grandmaster
8,14,MonkeyKing,4,2,False,False,11635,2,7,16930,2795,148,89839,15765,14147,907,0,200,JUNGLE,192504,18817,36,85734,256,10,39,11,4,False,EUW1_7746360300,Grandmaster
4,15,Viego,8,0,False,False,9848,2,3,3240,681,0,128255,12139,14918,7050,0,200,MIDDLE,138353,14802,206,6857,1981,10,28,4,11,False,EUW1_7746360300,Grandmaster
7,13,KogMaw,5,2,False,False,11600,2,3,76179,16499,0,35738,5637,5376,7091,0,200,BOTTOM,116755,23974,209,4837,1837,10,23,4,11,False,EUW1_7746360300,Grandmaster
11,11,Braum,4,2,False,False,6723,2,0,9005,6644,0,3063,640,12172,7050,0,200,UTILITY,15165,7285,19,3096,0,10,68,2,35,False,EUW1_7746360300,Grandmaster
5,19,Ryze,7,2,False,False,13013,2,2,241726,20346,16,12333,1941,22041,3172,0,100,TOP,256795,22287,273,2735,0,8,43,8,14,False,EUW1_7746287789,Grandmaster
22,18,Ivern,5,3,False,False,16819,2,8,37896,12055,187,14998,5906,13851,6036,0,100,JUNGLE,285110,22225,25,232215,4263,8,41,8,5,False,EUW1_7746287789,Grandmaster
11,17,Zoe,5,2,False,False,15095,2,10,164566,32253,2,18868,5274,14724,6766,0,100,MIDDLE,204738,43769,224,21303,6242,8,28,6,15,False,EUW1_7746287789,Grandmaster
12,17,Lucian,10,0,False,False,20730,2,18,31377,9026,4,279258,65631,23911,3353,0,100,BOTTOM,323119,75412,273,12484,755,8,33,7,9,False,EUW1_7746287789,Grandmaster
28,14,Braum,7,15,False,False,10580,2,0,11120,5403,0,4349,2559,27704,1670,0,100,UTILITY,18927,8674,21,3457,712,8,125,5,66,False,EUW1_7746287789,Grandmaster
6,19,Fizz,5,0,False,False,13321,2,2,169019,15712,0,30456,2366,15899,7050,0,200,TOP,207828,20561,290,8351,2482,8,30,6,6,True,EUW1_7746287789,Grandmaster
10,17,Darius,9,4,False,False,13876,2,7,0,0,172,164029,15921,27078,6883,0,200,JUNGLE,260768,18126,18,96739,2204,8,37,3,8,True,EUW1_7746287789,Grandmaster
11,17,Galio,7,4,False,False,11433,2,0,145307,16806,0,7849,582,25805,7,0,200,MIDDLE,168143,17415,231,14986,27,8,36,6,11,True,EUW1_7746287789,Grandmaster
5,18,MissFortune,6,1,False,False,26667,2,20,5947,1295,40,401435,67259,20516,3150,0,200,BOTTOM,418288,69954,301,10905,1400,8,32,9,8,True,EUW1_7746287789,Grandmaster
15,14,Elise,12,14,False,False,11976,2,5,29367,14621,0,5780,2389,22771,1636,0,200,UTILITY,39646,20182,32,4499,3171,8,140,14,63,True,EUW1_7746287789,Grandmaster
1,15,Chogath,4,0,False,False,11833,1,7,97131,19885,0,21087,3172,28560,7050,0,100,TOP,149671,28096,215,31452,5038,8,17,0,10,False,EUW1_7732445259,Grandmaster
9,13,Lillia,8,0,False,False,9502,1,2,77937,13953,130,12675,709,24495,6105,0,100,JUNGLE,175762,19080,11,85148,4417,8,17,5,1,False,EUW1_7732445259,Grandmaster
4,15,Talon,6,0,False,False,12410,1,7,49,49,0,133978,19977,18737,6335,0,100,MIDDLE,139879,21335,205,5852,1308,8,16,4,4,False,EUW1_7732445259,Grandmaster
4,13,Varus,6,0,False,False,9734,1,2,5977,3607,0,95973,11635,12615,3494,0,100,BOTTOM,102879,15880,199,928,637,8,18,6,6,False,EUW1_7732445259,Grandmaster
7,11,Soraka,6,5,False,False,5931,1,0,6515,1869,0,3093,907,8079,7069,0,100,UTILITY,11297,2848,24,1688,72,8,60,3,28,False,EUW1_7732445259,Grandmaster
4,16,Gragas,3,2,False,False,9645,0,1,130998,15071,4,12151,1755,7470,7,0,200,TOP,144723,16827,218,1573,0,2,25,3,10,True,EUW1_7732445259,Grandmaster
5,17,Hecarim,4,3,False,False,15522,0,17,20704,3235,201,217320,32278,20282,6202,0,200,JUNGLE,342560,36387,33,104535,872,2,23,1,4,True,EUW1_7732445259,Grandmaster
9,14,Malphite,4,0,False,False,10170,0,2,78515,14151,4,38373,4302,9396,5940,0,200,MIDDLE,121084,19234,186,4196,780,2,15,2,8,True,EUW1_7732445259,Grandmaster
9,14,Jhin,5,3,False,False,14534,0,9,5382,1184,4,185119,33021,13839,1151,0,200,BOTTOM,192256,34420,225,1754,214,2,30,2,11,True,EUW1_7732445259,Grandmaster
19,13,Karma,2,4,False,False,8409,0,1,21375,12454,0,3455,1301,8572,1437,0,200,UTILITY,27598,13755,18,2767,0,2,76,9,34,True,EUW1_7732445259,Grandmaster
3,14,Zaahen,8,2,False,False,8466,3,3,2309,633,0,87812,16587,24638,5067,0,100,TOP,98317,18307,147,8194,1087,11,23,0,10,False,EUW1_7760590898,Grandmaster
3,12,Rengar,8,0,False,False,9031,3,4,15011,1353,122,87238,9737,18703,1151,0,100,JUNGLE,162402,12124,26,60152,1033,11,19,9,1,False,EUW1_7760590898,Grandmaster
1,13,Akali,3,0,False,False,9371,3,9,73263,11062,0,8877,1218,12795,29,0,100,MIDDLE,87205,14403,155,5064,2122,11,17,1,4,False,EUW1_7760590898,Grandmaster
3,11,Ezreal,10,0,False,False,8451,3,2,8117,3909,0,66939,10555,15731,3838,0,100,BOTTOM,79588,14465,159,4532,0,11,8,2,6,False,EUW1_7760590898,Grandmaster
7,10,Braum,8,3,False,False,5745,3,0,5450,3963,0,2808,1071,11878,1626,0,100,UTILITY,10761,5035,22,2502,0,11,44,4,17,False,EUW1_7760590898,Grandmaster
5,15,Fiora,7,0,False,False,10957,0,8,1532,542,2,107129,19868,17858,7065,0,200,TOP,121311,27214,148,12650,6803,1,10,1,5,True,EUW1_7760590898,Grandmaster
2,14,Khazix,3,2,False,False,11848,0,6,1051,1051,168,143355,12379,12363,7061,0,200,JUNGLE,236620,15698,14,92212,2267,1,18,3,6,True,EUW1_7760590898,Grandmaster
9,15,Galio,3,2,False,False,10255,0,3,115865,15762,0,4700,182,9371,5030,0,200,MIDDLE,123129,15944,193,2563,0,1,15,2,7,True,EUW1_7760590898,Grandmaster
6,14,Samira,2,0,False,False,17362,0,18,14011,3025,8,168133,32324,12311,17,0,200,BOTTOM,187256,36338,208,5111,988,1,6,1,5,True,EUW1_7760590898,Grandmaster
22,12,Rell,3,7,False,False,7878,0,2,9162,6862,0,6145,3550,10865,3,0,200,UTILITY,18263,11058,15,2954,646,1,63,4,28,True,EUW1_7760590898,Grandmaster
3,18,Fiora,5,0,False,False,14635,1,5,1804,1144,7,221258,21337,24604,7065,0,100,TOP,250621,32044,288,27558,9561,10,28,3,8,False,EUW1_7760532764,Grandmaster
10,16,Shen,5,5,False,False,13282,1,5,58693,4559,201,51378,3290,18744,4896,0,100,JUNGLE,249417,8920,19,139346,1070,10,47,10,6,False,EUW1_7760532764,Grandmaster
4,16,Katarina,5,2,False,False,12962,1,9,165674,25453,0,14116,1350,13212,7,0,100,MIDDLE,187296,29774,231,7504,2970,10,24,4,10,False,EUW1_7760532764,Grandmaster
3,14,Varus,5,2,False,False,10978,1,1,10163,2723,1,129521,6250,3587,925,0,100,BOTTOM,146774,8974,250,7089,0,10,24,0,11,False,EUW1_7760532764,Grandmaster
8,13,Senna,8,9,False,False,9260,1,1,356,124,0,39350,10850,6911,1450,0,100,UTILITY,42403,10974,33,2695,0,10,100,9,46,False,EUW1_7760532764,Grandmaster
7,18,Ambessa,8,1,False,False,11527,0,2,698,698,8,160801,18522,17554,654,0,200,TOP,167442,20083,232,5942,862,4,30,1,13,True,EUW1_7760532764,Grandmaster
5,18,Evelynn,3,0,False,False,17904,0,14,223073,32108,223,18147,907,18999,1151,0,200,JUNGLE,362488,35395,20,121267,2379,4,19,1,11,True,EUW1_7760532764,Grandmaster
5,18,Irelia,6,0,False,False,16831,0,6,42366,6665,20,219555,20734,17231,1625,0,200,MIDDLE,273115,29980,304,11194,2581,4,26,7,7,True,EUW1_7760532764,Grandmaster
14,17,AurelionSol,0,1,False,False,15748,0,5,143278,26175,0,6567,0,8327,6487,0,200,BOTTOM,162457,26816,279,12610,640,4,27,4,9,True,EUW1_7760532764,Grandmaster
14,13,Blitzcrank,4,14,False,False,8728,0,1,6291,4010,0,4431,1499,8884,3838,0,200,UTILITY,15357,5509,35,4635,0,4,132,15,50,True,EUW1_7760532764,Grandmaster
3,11,Fiora,3,0,False,True,6027,0,1,1601,501,0,52491,6394,5659,7065,0,100,TOP,59585,9347,113,5492,2450,0,6,0,3,True,EUW1_7760502521,Grandmaster
3,11,Hecarim,0,0,False,True,8039,0,6,8626,1074,118,94989,6296,7928,6202,0,100,JUNGLE,161100,7564,20,57484,193,0,6,0,0,True,EUW1_7760502521,Grandmaster
2,11,Mel,1,0,False,True,7700,0,7,60321,11809,0,8795,1759,6981,6923,0,100,MIDDLE,71404,13569,135,2288,0,0,8,0,5,True,EUW1_7760502521,Grandmaster
6,11,Jhin,0,0,False,True,9813,0,9,2700,547,0,83181,13196,2517,5914,0,100,BOTTOM,87497,13743,153,1615,0,0,6,0,5,True,EUW1_7760502521,Grandmaster
9,9,Velkoz,1,0,False,True,6209,0,4,22887,7087,0,2884,849,2845,2073,0,100,UTILITY,33459,10152,30,7688,2215,0,28,2,14,True,EUW1_7760502521,Grandmaster
0,10,Gwen,5,0,False,True,5395,0,3,29490,4714,0,13918,2735,9685,11,0,200,TOP,61586,9331,107,18177,1881,5,12,0,5,False,EUW1_7760502521,Grandmaster
1,9,Maokai,4,1,False,True,4856,0,0,46962,3772,78,10594,612,7772,7089,0,200,JUNGLE,90895,4496,15,33337,111,5,11,1,3,False,EUW1_7760502521,Grandmaster
0,10,Jayce,5,0,False,True,5090,0,1,7707,816,0,45955,5648,5662,1625,0,200,MIDDLE,55195,6817,113,1532,353,5,6,0,4,False,EUW1_7760502521,Grandmaster
0,8,AurelionSol,8,0,False,True,4517,0,1,28556,4148,0,3705,0,7424,4834,0,200,BOTTOM,34318,4148,105,2056,0,5,3,0,2,False,EUW1_7760502521,Grandmaster
2,8,Sona,5,0,False,True,3720,0,0,9057,4205,0,3504,1325,7745,6378,0,200,UTILITY,14513,5530,22,1951,0,5,14,0,6,False,EUW1_7760502521,Grandmaster
1,12,Olaf,6,0,False,True,5745,0,1,0,0,0,49201,7210,10270,7065,0,100,TOP,56031,11062,131,6829,3852,2,9,0,4,False,EUW1_7760468785,Grandmaster
0,11,Hecarim,3,2,False,True,6972,0,3,6352,1245,129,90060,5636,11952,6202,0,100,JUNGLE,148924,7161,9,52512,279,2,14,2,4,False,EUW1_7760468785,Grandmaster
1,10,Velkoz,5,0,False,True,5731,0,1,51008,6254,0,4607,314,6558,6923,0,100,MIDDLE,68030,8343,132,12413,1774,2,7,0,4,False,EUW1_7760468785,Grandmaster
3,10,Senna,5,0,False,True,6085,0,2,7656,404,0,38399,6659,3608,10,0,100,BOTTOM,46747,7064,102,692,0,2,8,0,6,False,EUW1_7760468785,Grandmaster
3,8,Maokai,6,0,False,True,5650,0,2,17250,4348,0,5381,1667,7644,2073,0,100,UTILITY,24519,6016,24,1888,0,2,35,2,13,False,EUW1_7760468785,Grandmaster
1,13,Camille,1,0,False,True,7665,0,7,897,897,0,47025,8644,8097,7033,0,200,TOP,60905,12939,129,12982,3397,0,12,0,6,True,EUW1_7760468785,Grandmaster
9,11,XinZhao,2,1,False,True,6447,0,2,4379,479,101,62047,6089,11100,3879,0,200,JUNGLE,119088,6852,1,52661,283,0,20,1,2,True,EUW1_7760468785,Grandmaster
1,12,Naafiri,2,0,False,True,9435,0,8,0,0,2,76159,9336,5812,2074,0,200,MIDDLE,80004,10023,135,3845,686,0,10,1,5,True,EUW1_7760468785,Grandmaster
4,10,Mel,2,0,False,True,7847,0,6,48550,10025,0,9107,2105,5797,7084,0,200,BOTTOM,59638,12131,131,1980,0,0,5,0,3,True,EUW1_7760468785,Grandmaster
14,9,Sona,2,0,False,True,5714,0,2,13787,8318,0,3808,2485,6374,5416,0,200,UTILITY,18748,11398,4,1152,595,0,30,0,16,True,EUW1_7760468785,Grandmaster
0,16,Fiora,7,0,False,False,10393,1,3,2616,971,2,147554,11756,27657,7065,0,100,TOP,170218,18665,242,20047,5937,8,20,1,9,False,EUW1_7760411011,Grandmaster
7,16,XinZhao,5,1,False,False,11803,1,3,8030,654,215,158419,18199,30197,4954,0,100,JUNGLE,294820,21174,5,128372,2319,8,21,2,4,False,EUW1_7760411011,Grandmaster
1,16,Ryze,4,0,False,False,10644,1,2,171806,17545,0,11489,977,17561,29,0,100,MIDDLE,199175,18523,270,15878,0,8,18,1,9,False,EUW1_7760411011,Grandmaster
1,13,MissFortune,9,2,False,False,14167,1,12,1522,835,0,136305,24082,14825,5489,0,100,BOTTOM,143121,25078,211,5293,160,8,17,3,7,False,EUW1_7760411011,Grandmaster
8,12,Neeko,5,2,False,False,7139,1,0,30901,16121,0,4131,818,7248,7091,0,100,UTILITY,38075,16940,27,3041,0,8,74,3,37,False,EUW1_7760411011,Grandmaster
8,18,Jayce,4,0,False,False,13695,0,8,18911,7499,10,167206,26791,16652,0,0,200,TOP,190679,34290,232,4561,0,3,21,1,11,True,EUW1_7760411011,Grandmaster
13,16,Skarner,4,0,False,False,11904,0,6,34897,6997,165,94976,13027,20941,6700,0,200,JUNGLE,241285,22484,9,111410,2458,3,16,1,3,True,EUW1_7760411011,Grandmaster
12,16,Ahri,1,2,False,False,12288,0,4,116395,23510,0,15167,2542,11682,3018,0,200,MIDDLE,185686,30841,274,54124,4788,3,31,5,7,True,EUW1_7760411011,Grandmaster
10,16,Jhin,5,1,False,False,16429,0,10,9025,513,8,178262,24395,14487,4550,0,200,BOTTOM,190304,25188,220,3016,279,3,18,1,8,True,EUW1_7760411011,Grandmaster
13,14,Zyra,6,0,False,False,9252,0,2,47400,20577,0,5911,1767,12622,10,0,200,UTILITY,59338,23353,49,6027,1008,3,76,11,30,True,EUW1_7760411011,Grandmaster
3,14,DrMundo,5,0,False,False,7852,1,0,42740,7927,0,70469,4355,14177,29,0,100,TOP,120433,12283,158,7223,0,9,22,1,9,False,EUW1_7751635528,Grandmaster
11,13,XinZhao,3,4,False,False,10793,1,6,7795,1642,140,95927,17669,14095,548,0,100,JUNGLE,182317,19861,6,78594,548,9,29,3,9,False,EUW1_7751635528,Grandmaster
7,14,Orianna,4,7,False,False,11405,1,10,88186,20907,0,12269,1437,7054,6923,0,100,MIDDLE,104238,22468,176,3782,123,9,27,3,13,False,EUW1_7751635528,Grandmaster
5,12,Zeri,6,0,False,False,11224,1,4,28946,5866,4,75326,14495,5083,29,0,100,BOTTOM,129024,20913,194,24752,551,9,18,4,8,False,EUW1_7751635528,Grandmaster
10,11,Neeko,7,2,False,False,6936,1,0,29616,12376,4,3546,971,6193,1670,0,100,UTILITY,35946,13638,47,2783,291,9,74,10,29,False,EUW1_7751635528,Grandmaster
1,16,Fiora,3,0,False,False,15946,0,12,3129,1818,0,147291,19050,18691,7065,0,200,TOP,162855,30113,232,12434,9244,3,31,6,6,True,EUW1_7751635528,Grandmaster
9,15,Zyra,6,4,False,False,10416,0,1,140557,16570,191,15008,709,9627,7061,0,200,JUNGLE,258154,18816,18,102588,1536,3,43,8,5,True,EUW1_7751635528,Grandmaster
5,13,MasterYi,5,0,False,False,9419,0,6,590,590,0,65604,10057,11421,5010,0,200,MIDDLE,79534,15872,123,13338,5224,3,9,1,6,True,EUW1_7751635528,Grandmaster
10,14,Vladimir,2,0,False,False,11798,0,5,129707,17506,0,10992,746,17501,4614,0,200,BOTTOM,148594,18252,219,7893,0,3,10,2,8,True,EUW1_7751635528,Grandmaster
19,12,Nami,4,8,False,False,8478,0,1,12375,7044,0,4027,949,8581,502,0,200,UTILITY,19563,8050,26,3161,57,3,81,11,34,True,EUW1_7751635528,Grandmaster
1,11,Ambessa,5,0,False,True,4514,0,0,503,401,0,42785,8641,12235,6666,0,100,TOP,44386,9042,96,1097,0,2,7,0,5,False,EUW1_7751600329,Grandmaster
4,9,Nidalee,6,1,False,True,5702,0,2,52066,5464,85,11296,1415,11853,6709,0,100,JUNGLE,106487,7071,8,43124,192,2,15,3,3,False,EUW1_7751600329,Grandmaster
0,10,Tryndamere,3,0,False,True,4715,0,0,0,0,0,51865,5789,6268,4881,0,100,MIDDLE,53959,6463,132,2093,673,2,3,0,4,False,EUW1_7751600329,Grandmaster
1,9,Ezreal,3,0,False,True,6518,0,3,3840,1489,0,48253,5971,4404,7084,0,100,BOTTOM,52094,7461,113,0,0,2,11,0,5,False,EUW1_7751600329,Grandmaster
2,7,Nami,3,4,False,True,4364,0,1,6322,3192,0,3426,1495,3271,6689,0,100,UTILITY,12394,4851,14,2645,164,2,38,6,18,False,EUW1_7751600329,Grandmaster
1,12,Renekton,1,0,False,True,6866,0,5,3574,1914,0,54833,10229,13092,7065,0,200,TOP,60350,12611,139,1943,467,0,7,0,5,True,EUW1_7751600329,Grandmaster
5,11,Shaco,1,1,False,True,9023,0,7,37861,2579,132,49707,3362,5306,5936,0,200,JUNGLE,145132,6955,6,57563,1013,0,21,6,5,True,EUW1_7751600329,Grandmaster
2,12,Orianna,1,2,False,True,6903,0,1,67401,11334,0,11048,2544,7686,4492,0,200,MIDDLE,82422,13958,169,3972,79,0,11,2,7,True,EUW1_7751600329,Grandmaster
2,10,Kaisa,2,0,False,True,8630,0,6,5651,2178,4,62263,9059,5055,6908,0,200,BOTTOM,70213,11311,140,2298,73,0,6,1,3,True,EUW1_7751600329,Grandmaster
7,8,Nautilus,1,2,False,True,4595,0,1,7562,2529,0,5482,1351,6891,5551,0,200,UTILITY,15416,3881,18,2370,0,0,22,2,9,True,EUW1_7751600329,Grandmaster
5,15,Singed,4,0,False,False,8077,1,1,104984,15544,2,5808,577,12536,29,0,100,TOP,112903,16890,184,2111,769,8,20,2,10,False,EUW1_7751569558,Grandmaster
5,14,Pantheon,2,2,False,False,11441,1,5,2634,779,161,133819,11969,14124,1627,0,100,JUNGLE,234241,14631,27,97788,1883,8,26,6,4,False,EUW1_7751569558,Grandmaster
1,14,Orianna,11,2,False,False,9657,1,3,113313,17581,0,11037,1273,9028,4534,0,100,MIDDLE,125823,19027,219,1472,172,8,15,4,4,False,EUW1_7751569558,Grandmaster
6,13,Lucian,5,1,False,False,13441,1,4,15700,5644,0,137319,17390,11984,7027,0,100,BOTTOM,157026,23867,249,4005,832,8,29,7,9,False,EUW1_7751569558,Grandmaster
9,12,Nami,1,14,False,False,8465,1,2,15988,8737,0,6486,1652,5804,6689,0,100,UTILITY,29792,10729,25,7316,338,8,96,9,44,False,EUW1_7751569558,Grandmaster
3,18,Fiora,0,0,False,False,14444,0,4,1352,455,10,207202,8361,11611,7065,0,200,TOP,219073,15053,293,10518,6236,3,17,2,5,True,EUW1_7751569558,Grandmaster
3,17,Darius,4,1,False,False,13158,0,8,663,161,223,192576,9007,14692,907,0,200,JUNGLE,311300,14081,23,118059,4912,3,26,1,11,True,EUW1_7751569558,Grandmaster
4,17,Azir,4,4,False,False,13054,0,7,174194,21348,4,7577,1590,10201,4492,0,200,MIDDLE,186234,22943,260,4462,4,3,30,7,12,True,EUW1_7751569558,Grandmaster
3,14,Corki,6,1,False,False,11838,0,3,56403,4372,8,72132,11717,13014,1665,0,200,BOTTOM,142641,18517,227,14106,2426,3,26,7,10,True,EUW1_7751569558,Grandmaster
10,13,Milio,1,7,False,False,7790,0,1,8558,4687,0,4541,1280,8384,6043,0,200,UTILITY,15547,5967,26,2447,0,3,85,8,39,True,EUW1_7751569558,Grandmaster
3,18,Renekton,6,1,False,False,15161,2,9,11031,4951,4,194273,19957,25221,7050,0,100,TOP,210263,27925,270,4958,3017,10,44,8,8,False,EUW1_7751536209,Grandmaster
11,17,Brand,11,0,False,False,14101,2,5,177461,28824,195,13117,839,21580,29,0,100,JUNGLE,306493,35004,40,115912,5341,10,27,7,3,False,EUW1_7751536209,Grandmaster
2,16,Swain,9,0,False,False,13598,2,8,137689,21606,0,11638,1370,19481,6749,0,100,MIDDLE,154557,24066,206,5229,1089,10,22,2,11,False,EUW1_7751536209,Grandmaster
6,14,MissFortune,6,0,False,False,14157,2,4,3490,775,0,127452,20169,12824,7049,0,100,BOTTOM,144894,22609,227,13950,1664,10,26,10,11,False,EUW1_7751536209,Grandmaster
9,13,Alistar,9,8,False,False,7530,2,0,9629,5258,0,4042,1034,17714,1211,0,100,UTILITY,17345,6293,24,3673,0,10,90,4,50,False,EUW1_7751536209,Grandmaster
5,18,Olaf,8,0,False,False,15734,0,6,787,716,8,211139,20056,18651,7065,0,200,TOP,242125,30726,277,30198,9953,2,16,2,4,True,EUW1_7751536209,Grandmaster
18,18,Karthus,5,1,False,False,15141,0,8,221635,35067,212,4547,170,15292,29,0,200,JUNGLE,327870,36617,29,101682,1380,2,20,3,3,True,EUW1_7751536209,Grandmaster
13,17,Qiyana,3,4,False,False,14203,0,11,19959,3348,8,147118,28172,13413,6737,0,200,MIDDLE,173653,35964,182,6576,4443,2,31,6,7,True,EUW1_7751536209,Grandmaster
12,17,Corki,6,2,False,False,19847,0,14,89044,6877,19,147416,26881,15846,6399,0,200,BOTTOM,263116,39594,290,26655,5836,2,38,7,14,True,EUW1_7751536209,Grandmaster
28,15,Nami,4,16,False,False,10829,0,2,23617,14516,0,4640,1953,7985,6689,0,200,UTILITY,30709,17203,26,2452,733,2,144,18,57,True,EUW1_7751536209,Grandmaster
8,20,Olaf,5,0,False,False,22820,1,17,495,133,0,266921,31785,25164,7065,0,100,TOP,319251,52268,326,51833,20349,8,20,5,6,True,EUW1_7750402263,Grandmaster
17,18,DrMundo,4,2,False,False,16467,1,4,92385,17476,238,130522,11700,47836,4022,0,100,JUNGLE,398839,31802,31,175930,2625,8,30,5,4,True,EUW1_7750402263,Grandmaster
9,18,Ahri,5,1,False,False,18333,1,11,194326,29478,0,21743,1981,15543,6759,0,100,MIDDLE,317979,46629,345,101908,15168,8,31,4,6,True,EUW1_7750402263,Grandmaster
8,17,Lucian,14,1,False,False,17128,1,2,18408,3071,29,302326,25704,20869,1113,0,100,BOTTOM,327804,29678,298,7070,903,8,32,6,12,True,EUW1_7750402263,Grandmaster
16,16,Braum,8,5,False,False,11275,1,2,13600,8527,0,6819,1666,13720,3211,0,100,UTILITY,28444,10561,42,8024,367,8,120,13,53,True,EUW1_7750402263,Grandmaster
7,17,Jayce,11,0,False,False,13456,1,4,21800,4543,2,181024,26530,20645,3464,0,200,TOP,224778,34105,269,21953,3031,9,40,5,13,False,EUW1_7750402263,Grandmaster
8,18,Zaahen,8,2,False,False,18504,1,13,10660,1038,257,259730,43699,30178,2074,0,200,JUNGLE,419279,48203,33,148887,3465,9,39,3,7,False,EUW1_7750402263,Grandmaster
10,18,Hwei,6,0,False,False,14526,1,7,190306,31217,0,17603,1630,14337,6254,0,200,MIDDLE,217237,33966,271,9327,1117,9,15,1,8,False,EUW1_7750402263,Grandmaster
7,18,Ziggs,3,4,False,False,18796,1,11,323383,51602,13,11659,1606,16187,6715,0,200,BOTTOM,348653,56116,339,13611,2907,9,45,5,14,False,EUW1_7750402263,Grandmaster
21,15,Leona,8,5,False,False,10593,1,1,19369,10254,0,8446,4891,20274,3543,0,200,UTILITY,31274,15481,30,3457,335,9,119,9,58,False,EUW1_7750402263,Grandmaster
